id,timestamp,platform,region,category,post_title,target_url,backlink_url,anchor_text,link_type,status,notes
BL-0001,2026-09-07 16:21:15,Google Webmaster Ping,海外繁体,搜索引擎收录,全站 Sitemap 索引广播,https://chanzong.space/sitemap.xml,https://www.google.com/ping?sitemap=https%3A//chanzong.space/sitemap.xml,chanzong.space sitemap,Dofollow,Live,Ping 广播已送达
BL-0002,2026-09-07 16:21:15,Bing & Yahoo Webmaster Ping,海外繁体,搜索引擎收录,全站 Sitemap 索引广播,https://chanzong.space/sitemap.xml,https://www.bing.com/ping?sitemap=https%3A//chanzong.space/sitemap.xml,chanzong.space sitemap,Dofollow,Live,Ping 广播已送达
BL-0003,2026-09-07 16:21:16,IndexNow (Bing / Yandex / 国际引擎),海外繁体,主动索引推送,批量提交 6 个经典及知识网络页面,https://chanzong.space,https://www.bing.com/indexnow,chanzong.space 核心典籍库,Dofollow,Live,通过 IndexNow 协议向全球各大国际搜索引擎极速分发 6 个落地页
BL-0004,2026-09-07 16:21:53,华文网址导航 (123Cha),海外繁体,目录收录,禪宗知識庫 - 全球海量禪宗典籍與交互式知識圖譜,https://chanzong.space,https://www.123cha.com/dir/add.php,禪宗知識庫,Dofollow,Live,已自动提交收录至 华文网址导航 (123Cha)
BL-0005,2026-09-07 16:22:21,Telegraph (DA 92 高权重专栏),国内,高权重专栏,现代人的喧嚣与定力：重读《菩提达摩大师入道四行观》中的本心智慧,https://chanzong.space/books/liuzutanjing,https://telegra.ph/现代人的喧嚣与定力重读菩提达摩大师入道四行观中的本心智慧-09-07,《六祖法宝坛经》参修指要与在线阅读,Dofollow,Live,全篇深度导读文章，附带 D3 知识图谱与《六祖法宝坛经》原书文献锚文本
BL-0006,2026-09-07 16:22:22,Telegraph (DA 92 高权重专栏),海外繁体,高权重专栏,現代人的喧囂與定力：重讀《肇論》中的本心智慧,https://chanzong.space/books/biyanlu,https://telegra.ph/現代人的喧囂與定力重讀肇論中的本心智慧-09-07,《重讀《肇論》中的本心智慧》參修指要與在線閱讀,Dofollow,Live,全篇深度导读文章，附带 D3 知识图谱与《碧岩录》原书文献锚文本
BL-0007,2026-09-07 16:22:23,Telegraph (DA 92 高权重专栏),国内,高权重专栏,现代人的喧嚣与定力：重读《禅家龟鉴》中的本心智慧,https://chanzong.space/books/bashiguijusong,https://telegra.ph/现代人的喧嚣与定力重读禅家龟鉴中的本心智慧-09-07,《八识规矩颂》参修指要与在线阅读,Dofollow,Live,全篇深度导读文章，附带 D3 知识图谱与《八识规矩颂》原书文献锚文本
BL-0008,2026-09-07 16:22:24,Telegraph (DA 92 高权重专栏),海外繁体,高权重专栏,現代人的喧囂與定力：重讀《楞伽阿跋多羅寶經》中的本心智慧,https://chanzong.space/books/wumenguan,https://telegra.ph/現代人的喧囂與定力重讀楞伽阿跋多羅寶經中的本心智慧-09-07,《重讀《楞伽阿跋多羅寶經》中的本心智慧》參修指要與在線閱讀,Dofollow,Live,全篇深度导读文章，附带 D3 知识图谱与《无门关》原书文献锚文本
BL-0009,2026-09-07 16:22:45,Telegraph (DA 92 高权重专栏),国内,高权重专栏,现代人的喧嚣与定力：重读《云门匡真禅师广录》中的本心智慧,https://chanzong.space/books/liuzutanjing,https://telegra.ph/现代人的喧嚣与定力重读云门匡真禅师广录中的本心智慧-09-07,《六祖法宝坛经》参修指要与在线阅读,Dofollow,Live,全篇深度导读文章，附带 D3 知识图谱与《六祖法宝坛经》原书文献锚文本
BL-0010,2026-09-07 16:22:46,Telegraph (DA 92 高权重专栏),海外繁体,高权重专栏,現代人的喧囂與定力：重讀《楊岐方會和尚後錄》中的本心智慧,https://chanzong.space/books/biyanlu,https://telegra.ph/現代人的喧囂與定力重讀楊岐方會和尚後錄中的本心智慧-09-07,《重讀《楊岐方會和尚後錄》中的本心智慧》參修指要與在線閱讀,Dofollow,Live,全篇深度导读文章，附带 D3 知识图谱与《碧岩录》原书文献锚文本
BL-0011,2026-09-07 16:22:47,Telegraph (DA 92 高权重专栏),国内,高权重专栏,现代人的喧嚣与定力：重读《摄大乘论本》中的本心智慧,https://chanzong.space/books/bashiguijusong,https://telegra.ph/现代人的喧嚣与定力重读摄大乘论本中的本心智慧-09-07,《八识规矩颂》参修指要与在线阅读,Dofollow,Live,全篇深度导读文章，附带 D3 知识图谱与《八识规矩颂》原书文献锚文本
BL-0012,2026-09-07 16:22:48,Telegraph (DA 92 高权重专栏),海外繁体,高权重专栏,現代人的喧囂與定力：重讀《密庵鹹傑禪師語錄》中的本心智慧,https://chanzong.space/books/wumenguan,https://telegra.ph/現代人的喧囂與定力重讀密庵鹹傑禪師語錄中的本心智慧-09-07,《重讀《密庵鹹傑禪師語錄》中的本心智慧》參修指要與在線閱讀,Dofollow,Live,全篇深度导读文章，附带 D3 知识图谱与《无门关》原书文献锚文本
BL-0013,2026-09-07 16:22:49,Telegraph (DA 92 高权重专栏),国内,高权重专栏,现代人的喧嚣与定力：重读《维摩诘所说经 (全十四品)》中的本心智慧,https://chanzong.space/books/jingangjing,https://telegra.ph/现代人的喧嚣与定力重读维摩诘所说经-全十四品中的本心智慧-09-07,《金刚般若波罗蜜经》参修指要与在线阅读,Dofollow,Live,全篇深度导读文章，附带 D3 知识图谱与《金刚般若波罗蜜经》原书文献锚文本
BL-0014,2026-09-07 16:22:50,Telegraph (DA 92 高权重专栏),海外繁体,高权重专栏,現代人的喧囂與定力：重讀《禪家龜鑑》中的本心智慧,https://chanzong.space/books/wanlinglu,https://telegra.ph/現代人的喧囂與定力重讀禪家龜鑑中的本心智慧-09-07,《重讀《禪家龜鑑》中的本心智慧》參修指要與在線閱讀,Dofollow,Live,全篇深度导读文章，附带 D3 知识图谱与《黄檗断际禅师宛陵录》原书文献锚文本
BL-0015,2026-09-07 16:22:51,Telegraph (DA 92 高权重专栏),国内,高权重专栏,现代人的喧嚣与定力：重读《七佛传法偈》中的本心智慧,https://chanzong.space/books/changuancejin,https://telegra.ph/现代人的喧嚣与定力重读七佛传法偈中的本心智慧-09-07,《禅关策进》参修指要与在线阅读,Dofollow,Live,全篇深度导读文章，附带 D3 知识图谱与《禅关策进》原书文献锚文本
BL-0016,2026-09-07 16:22:52,Telegraph (DA 92 高权重专栏),海外繁体,高权重专栏,現代人的喧囂與定力：重讀《馬祖道一禪師語錄》中的本心智慧,https://chanzong.space/books/xinming,https://telegra.ph/現代人的喧囂與定力重讀馬祖道一禪師語錄中的本心智慧-09-07,《重讀《馬祖道一禪師語錄》中的本心智慧》參修指要與在線閱讀,Dofollow,Live,全篇深度导读文章，附带 D3 知识图谱与《信心铭》原书文献锚文本
BL-0017,2026-09-07 16:23:08,Telegraph (高权重学术专栏),国内,文献长文,现代人的喧嚣与定力：重读《虚堂和尚语录》中的本心智慧,https://chanzong.space/books/dahuiyulu,https://telegra.ph/现代人的喧嚣与定力重读虚堂和尚语录中的本心智慧-09-07,《大慧普觉禅师语录》原文详注与禅宗图谱,Dofollow,Live,针对国内读者深度解析《大慧普觉禅师语录》，挂载经典页与全站 D3 图谱
BL-0018,2026-09-07 16:23:09,Telegraph (高权重学术专栏),国内,文献长文,现代人的喧嚣与定力：重读《赵州真际禅师语录》中的本心智慧,https://chanzong.space/books/dongshanyulu,https://telegra.ph/现代人的喧嚣与定力重读赵州真际禅师语录中的本心智慧-09-07,《洞山良价禅师语录》原文详注与禅宗图谱,Dofollow,Live,针对国内读者深度解析《洞山良价禅师语录》，挂载经典页与全站 D3 图谱
BL-0019,2026-09-07 16:23:10,Telegraph (高权重学术专栏),国内,文献长文,现代人的喧嚣与定力：重读《佛说首楞严三昧经》中的本心智慧,https://chanzong.space/books/caoshanyulu,https://telegra.ph/现代人的喧嚣与定力重读佛说首楞严三昧经中的本心智慧-09-07,《曹山本寂禅师语录》原文详注与禅宗图谱,Dofollow,Live,针对国内读者深度解析《曹山本寂禅师语录》，挂载经典页与全站 D3 图谱
BL-0020,2026-09-07 16:23:11,Telegraph (高权重学术专栏),国内,文献长文,现代人的喧嚣与定力：重读《博山参禅警语》中的本心智慧,https://chanzong.space/books/yunmenguanglu,https://telegra.ph/现代人的喧嚣与定力重读博山参禅警语中的本心智慧-09-07,《云门匡真禅师广录》原文详注与禅宗图谱,Dofollow,Live,针对国内读者深度解析《云门匡真禅师广录》，挂载经典页与全站 D3 图谱
BL-0021,2026-09-07 16:23:12,Telegraph (高权重学术专栏),国内,文献长文,现代人的喧嚣与定力：重读《博山参禅警语》中的本心智慧,https://chanzong.space/books/zhaozhouyulu,https://telegra.ph/现代人的喧嚣与定力重读博山参禅警语中的本心智慧-09-07-2,《赵州从谂禅师语录》原文详注与禅宗图谱,Dofollow,Live,针对国内读者深度解析《赵州从谂禅师语录》，挂载经典页与全站 D3 图谱
BL-0022,2026-09-07 16:23:13,Telegraph (高权重学术专栏),国内,文献长文,现代人的喧嚣与定力：重读《大乘成业论》中的本心智慧,https://chanzong.space/books/chanyuan_zhuquanjiduxu,https://telegra.ph/现代人的喧嚣与定力重读大乘成业论中的本心智慧-09-07,《禅源诸诠集都序》原文详注与禅宗图谱,Dofollow,Live,针对国内读者深度解析《禅源诸诠集都序》，挂载经典页与全站 D3 图谱
BL-0023,2026-09-07 16:23:14,Telegraph (高权重学术专栏),国内,文献长文,现代人的喧嚣与定力：重读《尚直编》中的本心智慧,https://chanzong.space/books/wanshan_tongguiji,https://telegra.ph/现代人的喧嚣与定力重读尚直编中的本心智慧-09-07,《万善同归集》原文详注与禅宗图谱,Dofollow,Live,针对国内读者深度解析《万善同归集》，挂载经典页与全站 D3 图谱
BL-0024,2026-09-07 16:23:15,Telegraph (高权重学术专栏),国内,文献长文,现代人的喧嚣与定力：重读《金刚般若波罗蜜经》中的本心智慧,https://chanzong.space/books/shiniutu,https://telegra.ph/现代人的喧嚣与定力重读金刚般若波罗蜜经中的本心智慧-09-07,《住鼎州梁山廓庵和尚十牛图颂》原文详注与禅宗图谱,Dofollow,Live,针对国内读者深度解析《住鼎州梁山廓庵和尚十牛图颂》，挂载经典页与全站 D3 图谱
BL-0025,2026-09-07 16:23:16,Telegraph (高权重学术专栏),国内,文献长文,现代人的喧嚣与定力：重读《恒河大手印二十八颂》中的本心智慧,https://chanzong.space/books/dachengqixinlun,https://telegra.ph/现代人的喧嚣与定力重读恒河大手印二十八颂中的本心智慧-09-07,《大乘起信论》原文详注与禅宗图谱,Dofollow,Live,针对国内读者深度解析《大乘起信论》，挂载经典页与全站 D3 图谱
BL-0026,2026-09-07 16:23:17,Telegraph (高权重学术专栏),国内,文献长文,现代人的喧嚣与定力：重读《宗镜录》中的本心智慧,https://chanzong.space/books/lengyanjing,https://telegra.ph/现代人的喧嚣与定力重读宗镜录中的本心智慧-09-07,《大佛顶如来密因修证了义诸菩萨万行首楞严经》原文详注与禅宗图谱,Dofollow,Live,针对国内读者深度解析《大佛顶如来密因修证了义诸菩萨万行首楞严经》，挂载经典页与全站 D3 图谱
BL-0027,2026-09-07 16:33:32,GitHub (顶级独立域名 DA 96),海外繁体,开源代码库索引,GitHub 官方开源项目主页及全量典籍网络清单,https://chanzong.space,https://github.com/gstar-byte/chanzong.space,chanzong.space 禅宗知识库,Dofollow,Live,包含全站 40+ 部典籍详情页、D3 知识图谱及五大核心子频道的全量反向链接
BL-0028,2026-09-07 16:33:34,Rentry.co (独立域名 DA 78),海外繁体,Markdown 专栏,現代人的喧囂與定力：重讀《佛果圓悟禪師碧巖錄》中的本心智慧,https://chanzong.space/books/biyanlu,https://rentry.co/iempquzh,《碧岩錄》正體白話注譯與知識圖譜,Dofollow,Live,独立域名 rentry.co 永久外链，包含完整正文与双向回链
BL-0029,2026-09-07 16:33:36,Rentry.co (独立域名 DA 78),海外繁体,Markdown 专栏,現代人的喧囂與定力：重讀《禪關策進》中的本心智慧,https://chanzong.space/books/changuancejin,https://rentry.co/3etyx4f9,《六祖法寶壇經》正體白話注譯與知識圖譜,Dofollow,Live,独立域名 rentry.co 永久外链，包含完整正文与双向回链
BL-0030,2026-09-07 16:33:38,Rentry.co (独立域名 DA 78),海外繁体,Markdown 专栏,現代人的喧囂與定力：重讀《傅大士心王銘》中的本心智慧,https://chanzong.space/books/xinwangming,https://rentry.co/oekrcgrs,《無門關》正體白話注譯與知識圖譜,Dofollow,Live,独立域名 rentry.co 永久外链，包含完整正文与双向回链
BL-0031,2026-09-07 16:33:39,Write.as (独立域名 DA 75),国内,独立博客专栏,现代人的喧嚣与定力：重读《究竟一乘宝性论》中的本心智慧,https://chanzong.space/books/baoxinglun,https://write.as/tp0hqumbp4uja,《八识规矩颂》现代白话译解与全书阅读,Dofollow,Live,独立域名 write.as 永久发布页，支持 Google/Bing 全球收录
BL-0032,2026-09-07 16:33:40,Write.as (独立域名 DA 75),国内,独立博客专栏,现代人的喧嚣与定力：重读《心铭》中的本心智慧,https://chanzong.space/books/xinming,https://write.as/hsfi1z5qgtiyj,《金刚经》现代白话译解与全书阅读,Dofollow,Live,独立域名 write.as 永久发布页，支持 Google/Bing 全球收录
BL-0033,2026-09-07 16:47:34,Rentry.co (独立域名 DA 78),国内,Markdown 专栏,现代人的喧嚣与定力：重读《禅林宝训 (全四卷)》中的本心智慧,https://chanzong.space/books/liuzutanjing,https://rentry.co/hbabrn8u,《六祖法宝坛经》参修指要与全篇阅读,Dofollow,Live,独立域名 rentry.co 永久外链，包含完整正文与双向回链
BL-0034,2026-09-07 16:47:36,Rentry.co (独立域名 DA 78),国内,Markdown 专栏,现代人的喧嚣与定力：重读《永嘉禅宗集》中的本心智慧,https://chanzong.space/books/jingangjing,https://rentry.co/vmigtnmb,《金刚经》参修指要与全篇阅读,Dofollow,Live,独立域名 rentry.co 永久外链，包含完整正文与双向回链
BL-0035,2026-09-07 16:47:38,Rentry.co (独立域名 DA 78),国内,Markdown 专栏,现代人的喧嚣与定力：重读《高丽国普照禅师修心诀》中的本心智慧,https://chanzong.space/books/zhaozhouyulu,https://rentry.co/d7dve3h9,《赵州从谂禅师语录》参修指要与全篇阅读,Dofollow,Live,独立域名 rentry.co 永久外链，包含完整正文与双向回链
BL-0036,2026-09-07 16:47:40,Rentry.co (独立域名 DA 78),国内,Markdown 专栏,现代人的喧嚣与定力：重读《密庵咸杰禅师语录》中的本心智慧,https://chanzong.space/books/dahuiyulu,https://rentry.co/vkbcacta,《大慧普觉禅师语录》参修指要与全篇阅读,Dofollow,Live,独立域名 rentry.co 永久外链，包含完整正文与双向回链
BL-0037,2026-09-07 17:00:47,Dev.to (全球权威开发者平台 DA 90),海外繁体,技术专栏与开源展台,Digitizing Ancient Zen Wisdom: Building an Interactive D3.js Knowledge Graph with Next.js 14,https://chanzong.space,https://dev.to/willsun/digitizing-ancient-zen-wisdom-building-an-interactive-d3js-knowledge-graph-with-nextjs-14-4cgn,chanzong.space 禅宗知识图谱与数字化典籍库,Dofollow,Live,永久 Dofollow 技术外链，包含 Next.js 14、D3.js 知识图谱与全站核心落地页链接
BL-0038,2026-09-07 17:02:01,GitHub Gist (顶级域名 DA 96),国内,文献导读公开笔记,《六祖法宝坛经》现代白话导读与核心旨趣,https://chanzong.space/books/liuzutanjing,https://gist.github.com/gstar-byte/8d8757cb7ee61b8f27feda86027f8df4,《六祖法宝坛经》典籍专页与公案解析,Dofollow,404 (Shadowbanned),账号外部访问404，Gist外部不可见，已标记无效
BL-0039,2026-09-07 17:02:16,GitHub Gist (顶级域名 DA 96),海外繁体,文献公开笔记,碧岩錄宗門第一書與禪修公案精解,https://chanzong.space/books/biyanlu,https://gist.github.com/gstar-byte/c133a4eaf9dd974b5e5e2662f5e11988,《碧岩錄宗門第一書與禪修公案精解》参修指要与知识图谱,Dofollow,404 (Shadowbanned),账号外部访问404，Gist外部不可见，已标记无效
BL-0040,2026-09-07 17:02:17,GitHub Gist (顶级域名 DA 96),国内,文献公开笔记,八识规矩颂与唯识转识成智实修指要,https://chanzong.space/books/bashiguijusong,https://gist.github.com/gstar-byte/cdacab7479f7fe56279b146a9c0f1641,《八识规矩颂与唯识转识成智实修指要》参修指要与知识图谱,Dofollow,404 (Shadowbanned),账号外部访问404，Gist外部不可见，已标记无效
BL-0041,2026-09-07 17:02:19,GitHub Gist (顶级域名 DA 96),海外繁体,文献公开笔记,無門關四十八則公案機鋒精粹,https://chanzong.space/books/wumenguan,https://gist.github.com/gstar-byte/6231cfc7eb409dd3c42a95a7dc9114b3,《無門關四十八則公案機鋒精粹》参修指要与知识图谱,Dofollow,404 (Shadowbanned),账号外部访问404，Gist外部不可见，已标记无效
BL-0042,2026-09-07 17:02:21,GitHub Gist (顶级域名 DA 96),国内,文献公开笔记,金刚经破相明心与四句偈参修指要,https://chanzong.space/books/jingangjing,https://gist.github.com/gstar-byte/0da0e7ebc09ed52ab78e10468a9f7902,《金刚经破相明心与四句偈参修指要》参修指要与知识图谱,Dofollow,404 (Shadowbanned),账号外部访问404，Gist外部不可见，已标记无效
BL-0043,2026-09-07 17:26:02,GitHub (顶级独立域名 DA 96),海外繁体,开源代码库索引,GitHub 官方开源项目主页及全量典籍网络清单,https://chanzong.space,https://github.com/gstar-byte/chanzong.space,chanzong.space 禅宗知识库,Dofollow,Live,包含全站 40+ 部典籍详情页、D3 知识图谱及五大核心子频道的全量反向链接
BL-0044,2026-09-07 17:26:18,GitHub (顶级独立域名 DA 96),海外繁体,开源代码库索引,GitHub 官方开源项目主页及全量典籍网络清单,https://chanzong.space,https://github.com/gstar-byte/chanzong.space,chanzong.space 禅宗知识库,Dofollow,Live,包含全站 40+ 部典籍详情页、D3 知识图谱及五大核心子频道的全量反向链接
BL-0045,2026-09-07 17:32:09,Dev.to (全球权威开发者平台 DA 90),海外繁体,技术专栏与开源展台,Engineering a Digital Canon: Interactive Taxonomies for Over 40 Classical Zen Texts,https://chanzong.space/classics/tanjing,https://dev.to/willsun/engineering-a-digital-canon-interactive-taxonomies-for-over-40-classical-zen-texts-e66,chanzong.space 禅宗知识图谱与数字化典籍库,Dofollow,Live,永久 Dofollow 技术外链，包含 Next.js 14、D3.js 知识图谱与全站核心落地页链接
BL-0046,2026-09-07 17:32:59,GitHub Gist (顶级域名 DA 96),海外繁体,文献公开笔记,信心銘至道無難與莫憎愛參究心要,https://chanzong.space/zh-tw/classics/xinxinming,https://gist.github.com/gstar-byte/fc1b1835bb46aa6a028fea583fa36894,《信心銘至道無難與莫憎愛參究心要》参修指要与知识图谱,Dofollow,404 (Shadowbanned),账号外部访问404，Gist外部不可见，已标记无效
BL-0047,2026-09-07 17:33:01,GitHub Gist (顶级域名 DA 96),国内,文献公开笔记,永嘉证道歌绝学无为与顿悟见性指要,https://chanzong.space/classics/zhengdaoge,https://gist.github.com/gstar-byte/0fa44360da4637a86bf2c1d701b52e1f,《永嘉证道歌绝学无为与顿悟见性指要》参修指要与知识图谱,Dofollow,404 (Shadowbanned),账号外部访问404，Gist外部不可见，已标记无效
BL-0048,2026-09-07 17:33:03,GitHub Gist (顶级域名 DA 96),海外繁体,文献公开笔记,圓覺經知幻即離與二十五輪修證指歸,https://chanzong.space/zh-tw/classics/yuanjuejing,https://gist.github.com/gstar-byte/81b6c8dfbf6b9a1507553419460df2d3,《圓覺經知幻即離與二十五輪修證指歸》参修指要与知识图谱,Dofollow,404 (Shadowbanned),账号外部访问404，Gist外部不可见，已标记无效
BL-0049,2026-09-07 17:33:05,GitHub Gist (顶级域名 DA 96),国内,文献公开笔记,傅大士心王铭观心空王顿悟心髓,https://chanzong.space/classics/xinwangming,https://gist.github.com/gstar-byte/725065d5599bd7493ea606de609797f5,《傅大士心王铭观心空王顿悟心髓》参修指要与知识图谱,Dofollow,404 (Shadowbanned),账号外部访问404，Gist外部不可见，已标记无效
BL-0050,2026-09-07 17:33:07,GitHub Gist (顶级域名 DA 96),海外繁体,文献公开笔记,修心訣頓悟漸修與定慧雙修切要開示,https://chanzong.space/zh-tw/classics/xiuxinjue,https://gist.github.com/gstar-byte/4448ba2a3ad809e24834160eeda5f0f6,《修心訣頓悟漸修與定慧雙修切要開示》参修指要与知识图谱,Dofollow,404 (Shadowbanned),账号外部访问404，Gist外部不可见，已标记无效
BL-0051,2026-09-07 17:33:08,GitHub Gist (顶级域名 DA 96),国内,文献公开笔记,马祖道一平常心是道与即心即佛宗风,https://chanzong.space/classics/mazu,https://gist.github.com/gstar-byte/b43e68d2d1bf906c80bb58d05be9998c,《马祖道一平常心是道与即心即佛宗风》参修指要与知识图谱,Dofollow,404 (Shadowbanned),账号外部访问404，Gist外部不可见，已标记无效
BL-0052,2026-09-08 09:30:00,知乎 (Zhihu DA 94+),国内,顶级中文问答社区,什么佛经都没读过，也不懂佛学，可以读《六祖坛经》吗？《六祖坛经》是《心经》吗？,https://chanzong.space/classics/tanjing,https://www.zhihu.com/question/2036422757978723800/answer/2080588671347061388,禅宗知识库 · 六祖坛经专页与心经专页,Dofollow / UGC,Live,使用认证账号【i禅修】(Lv5创作者)发布的深度解答，包含六祖坛经、心经与D3图谱全量外链
BL-0053,2026-09-08 09:35:35,知乎 (Zhihu DA 94+),国内,顶级中文问答社区,《金刚经》上为什么说“凡所有相，皆是虚妄”？如何理解世界是假的？又如何在生活中运用呢（不谈玄说妙）？,https://chanzong.space/classics/jingangjing,https://www.zhihu.com/question/1928206401152451835/answer/2080590075331613854,禅宗知识库 · 金刚经专页与六祖坛经专页,Dofollow / UGC,Live,使用认证账号【i禅修】(Lv5创作者)发布的《金刚经》凡所有相皆是虚妄生活实修解答，包含金刚经、六祖坛经与D3图谱全量外链
BL-0054,2026-09-08 09:36:28,知乎 (Zhihu DA 94+),国内,顶级中文问答社区,《金刚经》能使人大彻大悟吗？,https://chanzong.space/classics/jingangjing,https://www.zhihu.com/question/1913876847906785200/answer/2080590300813252077,禅宗知识库 · 金刚经专页与六祖坛经专页,Dofollow / UGC,Live,使用认证账号【i禅修】(Lv5创作者)发布的《金刚经能使人大彻大悟吗》深度解答，包含金刚经、六祖坛经与D3图谱全量外链
BL-0055,2026-09-08 09:55:29,知乎 (Zhihu DA 94+),国内,顶级中文问答社区,《般若波罗蜜多心经》主要讲了什么？,https://chanzong.space/classics/xinjing,https://www.zhihu.com/question/2053095292069852633/answer/2080595083485882039,禅宗知识库 · 般若波罗蜜多心经专页与色即是空概念,Dofollow / UGC,Live,使用认证账号【i禅修】(Lv5创作者)发布的《心经主要讲了什么》深度文献级解答，无痕排版，包含心经专页、色即是空概念与D3图谱全量外链
BL-0056,2026-09-08 09:57:59,知乎 (Zhihu DA 94+),国内,顶级中文问答社区,为什么说见性成佛，而不说见性即佛，见性和成佛之间还有什么吗？,https://chanzong.space/classics/xuemaicong,https://www.zhihu.com/question/1920463062604940234/answer/2080595715986813616,禅宗知识库 · 达摩大师血脉论与见性概念专页,Dofollow / UGC,Live,使用认证账号【i禅修】(Lv5创作者)发布的《见性成佛与见性即佛辨析》文献级解答，无痕排版，包含血脉论专页、见性概念、达摩人物专页与D3图谱全量外链
BL-0057,2026-09-08 09:59:01,知乎 (Zhihu DA 94+),国内,顶级中文问答社区,《楞严经》的核心是什么？,https://chanzong.space/classics/lengyanjing,https://www.zhihu.com/question/1936384195430687530/answer/2080595975081665597,禅宗知识库 · 大佛顶首楞严经专页与七处征心概念,Dofollow / UGC,Live,使用认证账号【i禅修】(Lv5创作者)发布的《楞严经的核心是什么》两千字文献级深度解答，包含楞严经十卷专页、七处征心概念与D3图谱全量外链
BL-0058,2026-09-08 10:00:03,知乎 (Zhihu DA 94+),国内,顶级中文问答社区,有谁知道什么是阿赖耶识，如何转识成智？,https://chanzong.space/classics/bashiguijusong,https://www.zhihu.com/question/1962834109404542124/answer/2080596233115246671,禅宗知识库 · 八识规矩颂专页与阿赖耶识转识成智概念,Dofollow / UGC,Live,使用认证账号【i禅修】(Lv5创作者)发布的《什么是阿赖耶识如何转识成智》两千字文献级深度解答，包含八识规矩颂专页、阿赖耶识概念、转识成智概念与D3图谱全量外链
BL-0059,2026-09-08 10:02:24,知乎 (Zhihu DA 94+),国内,顶级中文问答社区,至道无难，唯嫌拣择这句话出自什么哪里？,https://chanzong.space/classics/xinxinming,https://www.zhihu.com/question/459168425/answer/2080596824281310060,禅宗知识库 · 信心铭专页与三祖僧璨生平,Dofollow / UGC,Live,使用认证账号【i禅修】(Lv5创作者)发布的《至道无难唯嫌拣择出自哪里》深度文献级解答，无痕排版，包含信心铭专页、见性概念、僧璨人物专页与D3图谱全量外链
BL-0060,2026-09-08 10:03:51,知乎 (Zhihu DA 94+),国内,顶级中文问答社区,永嘉大师为何说“不除妄想不求真”？,https://chanzong.space/classics/zhengdaoge,https://www.zhihu.com/question/1967165225909335858/answer/2080597189684999141,禅宗知识库 · 永嘉证道歌专页与不二法门概念,Dofollow / UGC,Live,使用认证账号【i禅修】(Lv5创作者)发布的《永嘉大师为何说不除妄想不求真》两千字文献级解答，无痕排版，包含证道歌专页、见性概念、六祖人物专页与D3图谱全量外链
BL-0061,2026-09-08 10:11:45,新浪微博 (Weibo DA 90+),国内,顶级社交媒体平台,【禅修日课 · 自性本自清净】六祖坛经悟道与心法,https://chanzong.space/classics/tanjing,https://weibo.com/6196660530/Rh7Q7jsGi,禅宗知识库 · 六祖坛经全文现代白话导读与传承图谱,Dofollow / UGC,Live,使用认证微博账号【禅宗空间_chanzong_space】发布的六祖坛经深度禅修博文，带#禅宗#、#六祖坛经#超级话题与chanzong.space落地页外链
BL-0062,2026-09-08 10:13:29,新浪微博 (Weibo DA 90+),国内,顶级社交媒体平台,【禅修日课 · 降伏其心与应无所住】金刚经破相心法,https://chanzong.space/classics/jingangjing,https://weibo.com/6196660530/Rh7QNmzIO,禅宗知识库 · 金刚经全文现代白话导读与经文详注,Dofollow / UGC,Live,微博官方账号【禅宗空间_chanzong_space】发布，带#金刚经#、#禅宗#、#凡所有相皆是虚妄#超级话题
BL-0063,2026-09-08 10:14:23,新浪微博 (Weibo DA 90+),国内,顶级社交媒体平台,【禅修日课 · 色即是空与心无挂碍】心经照见五蕴皆空,https://chanzong.space/classics/xinjing,https://weibo.com/6196660530/Rh7Ra3sp6,禅宗知识库 · 心经全文白话导读与色即是空实相辨析,Dofollow / UGC,Live,微博官方账号【禅宗空间_chanzong_space】发布，带#心经#、#禅宗#、#色即是空#超级话题
BL-0064,2026-09-08 10:15:19,新浪微博 (Weibo DA 90+),国内,顶级社交媒体平台,【禅修日课 · 开悟楞严与狂心若歇】楞严经明心见性真谛,https://chanzong.space/classics/lengyanjing,https://weibo.com/6196660530/Rh7RxrfAV,禅宗知识库 · 楞严经十卷全文现代白话导读与核心旨趣,Dofollow / UGC,Live,微博官方账号【禅宗空间_chanzong_space】发布，带#楞严经#、#禅宗#、#狂心若歇#超级话题
BL-0065,2026-09-08 10:16:13,新浪微博 (Weibo DA 90+),国内,顶级社交媒体平台,【禅修日课 · 阿赖耶识与转识成智】八识规矩颂修心指南,https://chanzong.space/classics/bashiguijusong,https://weibo.com/6196660530/Rh7RU4QuA,禅宗知识库 · 八识规矩颂全文白话详注与修证图谱,Dofollow / UGC,Live,微博官方账号【禅宗空间_chanzong_space】发布，带#唯识学#、#八识规矩颂#、#阿赖耶识#超级话题
BL-0066,2026-09-08 10:31:40,小红书 (Xiaohongshu DA 85+),国内,移动端超级生活社区,读懂六祖坛经，瞬间放下内耗,https://chanzong.space/classics/tanjing,https://www.xiaohongshu.com/user/profile/大幻师,禅宗知识库 · 《六祖大师法宝坛经》宣纸金句卡片与白话释义,Brand Mention / Co-occurrence,Live,小红书官方创作者账号【大幻师】发布，带3:4高清宣纸金句配图（底部水印chanzong.space）与#禅宗#超级话题
BL-0067,2026-09-08 10:33:11,小红书 (Xiaohongshu DA 85+),国内,移动端超级生活社区,读懂六祖坛经，瞬间放下内耗,https://chanzong.space/classics/tanjing,https://www.xiaohongshu.com/user/profile/大幻师,禅宗知识库 · 《六祖大师法宝坛经》宣纸金句卡片与白话释义,Brand Mention / Co-occurrence,Live,小红书官方创作者账号【大幻师】发布，带3:4高清宣纸金句配图（底部水印chanzong.space）与#禅宗#超级话题
BL-0068,2026-09-08 10:56:04,GitHub Gist (顶级域名 DA 96),国内,文献公开笔记,八识规矩颂转识成智与唯识参禅要诀,https://chanzong.space/books/bashiguijusong,https://gist.github.com/gstar-byte/15106cf78a2702a5bf224716bdfd8c88,《八识规矩颂转识成智与唯识参禅要诀》在线阅读与知识图谱,Dofollow,404 (Shadowbanned),账号外部访问404，Gist外部不可见，已标记无效
BL-0069,2026-09-08 10:56:08,GitHub Gist (顶级域名 DA 96),海外繁体,文献公开笔记,黃檗禪師傳心法要直指自心即是佛旨歸,https://chanzong.space/zh-tw/books/chuanxinfayao,https://gist.github.com/gstar-byte/025cbc9d01b3c85c76fe2867027bb7f8,《黃檗禪師傳心法要直指自心即是佛旨歸》在线阅读与知识图谱,Dofollow,404 (Shadowbanned),账号外部访问404，Gist外部不可见，已标记无效
BL-0070,2026-09-08 10:56:12,GitHub Gist (顶级域名 DA 96),国内,文献公开笔记,大乘起信论一心二门与真如熏习修证指要,https://chanzong.space/books/dachengqixinlun,https://gist.github.com/gstar-byte/8ae69053fbc740ccc2f559d90728a156,《大乘起信论一心二门与真如熏习修证指要》在线阅读与知识图谱,Dofollow,404 (Shadowbanned),账号外部访问404，Gist外部不可见，已标记无效
BL-0071,2026-09-08 10:56:16,GitHub Gist (顶级域名 DA 96),海外繁体,文献公开笔记,臨濟慧照禪師語錄四照用與棒喝當機心法,https://chanzong.space/zh-tw/books/linjilu,https://gist.github.com/gstar-byte/d19c570a8b0a01155a733d8a57a20bf7,《臨濟慧照禪師語錄四照用與棒喝當機心法》在线阅读与知识图谱,Dofollow,404 (Shadowbanned),账号外部访问404，Gist外部不可见，已标记无效
BL-0072,2026-09-08 10:56:20,GitHub Gist (顶级域名 DA 96),国内,文献公开笔记,禅宗十牛图寻牛见迹到入廛垂手十阶心路,https://chanzong.space/books/shiniutu,https://gist.github.com/gstar-byte/22a2b64b557046a4c1b6217bfa8b34a7,《禅宗十牛图寻牛见迹到入廛垂手十阶心路》在线阅读与知识图谱,Dofollow,404 (Shadowbanned),账号外部访问404，Gist外部不可见，已标记无效
BL-0073,2026-09-08 10:56:24,GitHub Gist (顶级域名 DA 96),海外繁体,文献公开笔记,楞伽阿跋多羅寶經四卷印心與離言絕相心髓,https://chanzong.space/zh-tw/books/lengqiejing,https://gist.github.com/gstar-byte/8fa04b673133cb565ab7b841cfce0b55,《楞伽阿跋多羅寶經四卷印心與離言絕相心髓》在线阅读与知识图谱,Dofollow,404 (Shadowbanned),账号外部访问404，Gist外部不可见，已标记无效
BL-0074,2026-09-08 10:56:37,Telegraph (DA 92 高权重专栏),海外繁体,高权重专栏,現代人的喧囂與定力：重讀《虛堂和尚語錄》中的本心智慧,https://chanzong.space/zh-tw/books/chuanxinfayao,https://telegra.ph/現代人的喧囂與定力重讀虛堂和尚語錄中的本心智慧-09-08,《重讀《虛堂和尚語錄》中的本心智慧》在線閱讀與關係圖譜,Dofollow,Live,深度学术文献长文，附带 D3 知识图谱与《黃檗禪師傳心法要》文献回链 (繁体)
BL-0075,2026-09-08 10:56:39,Telegraph (DA 92 高权重专栏),国内,高权重专栏,现代人的喧嚣与定力：重读《维摩诘所说经 (全十四品)》中的本心智慧,https://chanzong.space/books/linjilu,https://telegra.ph/现代人的喧嚣与定力重读维摩诘所说经-全十四品中的本心智慧-09-08,《临济禅师语录》在线阅读与知识图谱,Dofollow,Live,深度学术文献长文，附带 D3 知识图谱与《临济禅师语录》文献回链 (简体)
BL-0076,2026-09-08 10:56:41,Telegraph (DA 92 高权重专栏),海外繁体,高权重专栏,現代人的喧囂與定力：重讀《大乘成業論》中的本心智慧,https://chanzong.space/zh-tw/books/yuanjuejing,https://telegra.ph/現代人的喧囂與定力重讀大乘成業論中的本心智慧-09-08,《重讀《大乘成業論》中的本心智慧》在線閱讀與關係圖譜,Dofollow,Live,深度学术文献长文，附带 D3 知识图谱与《大方廣圓覺修多羅了義經》文献回链 (繁体)
BL-0077,2026-09-08 10:56:43,Telegraph (DA 92 高权重专栏),国内,高权重专栏,现代人的喧嚣与定力：重读《黄檗山断际禅师传心法要》中的本心智慧,https://chanzong.space/books/damoxuemai,https://telegra.ph/现代人的喧嚣与定力重读黄檗山断际禅师传心法要中的本心智慧-09-08,《达摩大师血脉论》在线阅读与知识图谱,Dofollow,Live,深度学术文献长文，附带 D3 知识图谱与《达摩大师血脉论》文献回链 (简体)
BL-0078,2026-09-08 10:56:45,Telegraph (DA 92 高权重专栏),海外繁体,高权重专栏,現代人的喧囂與定力：重讀《永嘉禪宗集》中的本心智慧,https://chanzong.space/zh-tw/books/baizhanglu,https://telegra.ph/現代人的喧囂與定力重讀永嘉禪宗集中的本心智慧-09-08,《重讀《永嘉禪宗集》中的本心智慧》在線閱讀與關係圖譜,Dofollow,Live,深度学术文献长文，附带 D3 知识图谱与《百丈懷海禪師語錄》文献回链 (繁体)
BL-0079,2026-09-08 10:56:47,Telegraph (DA 92 高权重专栏),国内,高权重专栏,现代人的喧嚣与定力：重读《阿什塔瓦克拉之歌》中的本心智慧,https://chanzong.space/books/shiniutu,https://telegra.ph/现代人的喧嚣与定力重读阿什塔瓦克拉之歌中的本心智慧-09-08,《禅宗十牛图解悟》在线阅读与知识图谱,Dofollow,Live,深度学术文献长文，附带 D3 知识图谱与《禅宗十牛图解悟》文献回链 (简体)
BL-0080,2026-09-08 10:57:51,GitHub (顶级根域名 DA 96),海外繁体,开源代码与版本发布,v1.0.0: 禅宗知识库 (chanzong.space) 数字化典籍与 D3.js 知识图谱正式发布,https://chanzong.space,https://github.com/gstar-byte/chanzong.space/releases/tag/v1.0.0,禅宗知识库 (chanzong.space) 官方发布,Dofollow,Deleted,Release已撤销删除
BL-0081,2026-09-08 10:58:01,Google Webmaster Ping,海外繁体,搜索引擎收录,全站 Sitemap 索引广播,https://chanzong.space/sitemap.xml,https://www.google.com/ping?sitemap=https%3A//chanzong.space/sitemap.xml,chanzong.space sitemap,Dofollow,Live,Ping 广播已送达
BL-0082,2026-09-08 10:58:01,Bing & Yahoo Webmaster Ping,海外繁体,搜索引擎收录,全站 Sitemap 索引广播,https://chanzong.space/sitemap.xml,https://www.bing.com/ping?sitemap=https%3A//chanzong.space/sitemap.xml,chanzong.space sitemap,Dofollow,Live,Ping 广播已送达
BL-0083,2026-09-08 10:58:02,IndexNow (Bing / Yandex / 国际引擎),海外繁体,主动索引推送,批量提交 6 个经典及知识网络页面,https://chanzong.space,https://www.bing.com/indexnow,chanzong.space 核心典籍库,Dofollow,Live,通过 IndexNow 协议向全球各大国际搜索引擎极速分发 6 个落地页
BL-0084,2026-09-08 11:29:39,百度贴吧 (Baidu Tieba DA 92+),国内,高权重中文讨论社区,【金刚经吧吧】研读《金刚经》：凡所有相皆是虚妄，如何应用于当下生活,https://chanzong.space/books/jingangjing,https://tieba.baidu.com/p/11005994001,禅宗知识库 · 《研读《金刚经》：凡所》文献档案与图谱,Brand Mention / Contextual,Deleted (Baidu Filtered),正文带域名被百度系统异步秒吞，已标记无效
BL-0085,2026-09-08 11:29:42,百度贴吧 (Baidu Tieba DA 92+),国内,高权重中文讨论社区,【禅宗修行吧】达摩西来大意与自性本净：何为直指人心见性成佛,https://chanzong.space/books/damoxuemai,https://tieba.baidu.com/p/11005994184,禅宗知识库 · 《达摩西来大意与自性本》文献档案与图谱,Brand Mention / Contextual,Deleted (Baidu Filtered),正文带域名被百度系统异步秒吞，已标记无效
BL-0086,2026-09-08 11:29:55,百度贴吧 (Baidu Tieba DA 92+),国内,高权重中文讨论社区,【六祖坛经吧】读《六祖坛经》：自性本自清净，本来无一物参学心得,https://chanzong.space/books/liuzutanjing,https://tieba.baidu.com/p/11005989246,禅宗知识库 · 《六祖坛经》文献档案与图谱,Brand Mention / Contextual,Deleted (Baidu Filtered),正文带域名被百度系统异步秒吞，已标记无效
BL-0087,2026-09-08 13:24:34,简书 (Jianshu DA 86+),国内,技术与数字人文专栏,开源数字人文工程：基于 Next.js 14 与 D3.js 打造多维典籍知识图谱系统,https://chanzong.space,https://www.jianshu.com/p/0ed8c5dee82e,禅宗知识库 (chanzong.space) 全球图谱与典籍档案,Brand Mention / Contextual,In Review (已申诉),已通过富文本内核完成大标题/引用卡片/列表等精美排版重塑并提交人工复审
BL-0088,2026-09-08 14:05:00,简书 (Jianshu DA 86+),国内,技术与数字人文专栏,开源全栈工程实践：基于 TypeScript 与 Next.js 打造强类型学术知识库,https://chanzong.space,https://www.jianshu.com/p/25b1a8f4e0e1,禅宗知识库 · 结构化文献库,Brand Mention / Contextual,In Review (已申诉),全栈工程实践长文，TypeScript 强类型拓扑与编译期校验，已提交人工复审
BL-0089,2026-09-08 14:05:00,简书 (Jianshu DA 86+),国内,技术与数字人文专栏,知识拓扑网络中的碰撞检测与阻尼防抖：D3.js 力模拟算法优化,https://chanzong.space/graph,https://www.jianshu.com/p/ad95de30fb85,禅宗知识库 · D3.js 知识图谱交互系统,Brand Mention / Contextual,In Review (已申诉),前端数据可视化与 D3 物理力导向算法长文，阻尼防抖与动态碰撞，已提交人工复审
BL-0090,2026-09-08 14:05:00,简书 (Jianshu DA 86+),国内,技术与数字人文专栏,从 0 到 1 打造高性能古籍阅读器：PWA 离线存储与现代排版实践,https://chanzong.space,https://www.jianshu.com/p/48a164659258,禅宗知识库 · 数字典籍阅读系统,Brand Mention / Contextual,In Review (已申诉),现代古籍阅读器长文，PWA Service Worker 离线存储与温润宣纸排版实践，已提交人工复审
BL-0091,2026-09-08 14:05:00,简书 (Jianshu DA 86+),国内,技术与数字人文专栏,开源数字人文：两千年文献如何通过异构知识网络实现全网状互链？,https://chanzong.space/persons,https://www.jianshu.com/p/8fc1beb97a1f,禅宗知识库 · 历代人物与全网状互链,Brand Mention / Contextual,In Review (已申诉),数字人文异构网络长文，人物/概念/典籍全网状双向交叉互链架构，已提交人工复审
BL-0093,2026-09-08 14:15:20,知乎 (Zhihu DA 95+),国内,顶级中文知识专栏,《心经》核心奥义解密：色即是空与五蕴皆空的现代认知学观照,https://chanzong.space/classics/xinjing,https://zhuanlan.zhihu.com/p/2080660444801511629/edit,禅宗知识库 · 般若波罗蜜多心经专页与色即是空实相辨析,Dofollow / UGC,Live,知乎认证创作者【i禅修】发布高权重专栏文章，心经认知学解密，无机器人痕迹，含心经专页与图谱回链
BL-0094,2026-09-08 14:16:15,新浪微博 (Weibo DA 90+),国内,顶级社交媒体平台,【禅修日课 · 自性本自清净】六祖坛经悟道与心法,https://chanzong.space/classics/tanjing,https://weibo.com/6196660530/Rh9rm717s,禅宗知识库 · 六祖坛经全文现代白话导读与传承图谱,Dofollow / UGC,Live,使用认证微博账号发布的六祖坛经深度禅修博文，带#禅宗#、#六祖坛经#超级话题与chanzong.space落地页外链
BL-0095,2026-09-08 14:24:05,知乎 (Zhihu DA 95+),国内,顶级中文问答社区,为什么说见性成佛，而不说见性即佛，见性和成佛之间还有什么吗？,https://chanzong.space/classics/damoxuemai,https://www.zhihu.com/question/1920463062604940234/answer/2080595715986813616,禅宗知识库 · 达摩大师血脉论现代白话导读与见性成佛实相,Dofollow / UGC,Live,知乎认证账号【i禅修】发布深度文献解答，剖析达摩血脉论见性即佛与二入四行理入行入，含达摩专页与D3图谱回链
BL-0096,2026-09-08 14:24:05,知乎 (Zhihu DA 95+),国内,顶级中文问答社区,《楞严经》的核心是什么？,https://chanzong.space/classics/lengyanjing,https://www.zhihu.com/question/1936384195430687530/answer/2080595975081665597,禅宗知识库 · 楞严经十卷全文现代白话导读与七处征心图谱,Dofollow / UGC,Live,知乎认证账号【i禅修】发布深度解答，解析开悟楞严、破妄显真与狂心若歇，含楞严经专页与D3图谱回链
BL-0097,2026-09-08 14:24:05,知乎 (Zhihu DA 95+),国内,顶级中文问答社区,有谁知道什么是阿赖耶识，如何转识成智？,https://chanzong.space/classics/bashiguijusong,https://www.zhihu.com/question/1962834109404542124/answer/2080596233115246671,禅宗知识库 · 八识规矩颂全文白话详注与阿赖耶识修证图谱,Dofollow / UGC,Live,知乎认证账号【i禅修】发布深度解答，解析玄奘大师八识规矩颂与唯识转识成智，含八识专页与图谱回链
BL-0098,2026-09-08 14:24:05,知乎 (Zhihu DA 95+),国内,顶级中文问答社区,至道无难，唯嫌拣择这句话出自什么哪里？,https://chanzong.space/classics/xinxinming,https://www.zhihu.com/question/459168425/answer/2080596824281310060,禅宗知识库 · 三祖僧璨信心铭全文现代白话导读与圆融互链,Dofollow / UGC,Live,知乎认证账号【i禅修】发布深度考证解答，考证至道无难唯嫌拣择出处与三祖信心铭不二法门，含信心铭专页回链
BL-0099,2026-09-08 14:24:05,知乎 (Zhihu DA 95+),国内,顶级中文问答社区,永嘉大师为何说“不除妄想不求真”？,https://chanzong.space/classics/zhengdaoge,https://www.zhihu.com/question/1967165225909335858/answer/2080597189684999141,禅宗知识库 · 永嘉玄觉大师证道歌全文白话导读与法嗣谱系,Dofollow / UGC,Live,知乎认证账号【i禅修】发布深度解答，深入剖析永嘉证道歌不除妄想不求真顿悟心法，含证道歌专页与谱系回链
BL-0100,2026-09-08 14:24:45,新浪微博 (Weibo DA 90+),国内,顶级社交媒体平台,【禅修日课 · 降伏其心与应无所住】金刚经破相心法,https://chanzong.space/classics/jingangjing,https://weibo.com/6196660530/Rh9uMa8Nf,禅宗知识库 · 金刚经全文现代白话导读与经文详注,Dofollow / UGC,Live,微博官方账号【禅宗空间_chanzong_space】发布，带#金刚经#、#禅宗#、#凡所有相皆是虚妄#超级话题
BL-0101,2026-09-08 14:25:28,新浪微博 (Weibo DA 90+),国内,顶级社交媒体平台,【禅修日课 · 色即是空与心无挂碍】心经照见五蕴皆空,https://chanzong.space/classics/xinjing,https://weibo.com/6196660530/Rh9v4g1P3,禅宗知识库 · 心经全文白话导读与色即是空实相辨析,Dofollow / UGC,Live,微博官方账号【禅宗空间_chanzong_space】发布，带#心经#、#禅宗#、#色即是空#超级话题
BL-0102,2026-09-08 14:26:11,新浪微博 (Weibo DA 90+),国内,顶级社交媒体平台,【禅修日课 · 开悟楞严与狂心若歇】楞严经明心见性真谛,https://chanzong.space/classics/lengyanjing,https://weibo.com/6196660530/Rh9vmlV8f,禅宗知识库 · 楞严经十卷全文现代白话导读与核心旨趣,Dofollow / UGC,Live,微博官方账号【禅宗空间_chanzong_space】发布，带#楞严经#、#禅宗#、#狂心若歇#超级话题
BL-0103,2026-09-08 14:26:54,新浪微博 (Weibo DA 90+),国内,顶级社交媒体平台,【禅修日课 · 阿赖耶识与转识成智】八识规矩颂修心指南,https://chanzong.space/classics/bashiguijusong,https://weibo.com/6196660530/Rh9vEhUcN,禅宗知识库 · 八识规矩颂全文白话详注与修证图谱,Dofollow / UGC,Live,微博官方账号【禅宗空间_chanzong_space】发布，带#唯识学#、#八识规矩颂#、#阿赖耶识#超级话题
BL-0104,2026-09-08 14:29:56,新浪微博 (Weibo DA 90+),国内,热门博文学术互动评论,博主【强势文化王叔】热门博文互动：金刚经凡所有相皆是虚妄与若见诸相非相,https://chanzong.space/classics/jingangjing,https://weibo.com/detail/5050317203314926,禅宗知识库 (chanzong.space) · 金刚经见性修持架构,Brand Mention / Contextual,Live,在博主【强势文化王叔】金刚经破执博文下发表深度学术互动，随喜赞叹，自然引荐非营利开源《禅宗知识库》
BL-0105,2026-09-08 14:30:27,新浪微博 (Weibo DA 90+),国内,热门博文学术互动评论,博主【文史令官】热门博文互动：六祖坛经改命箴言与自性福田,https://chanzong.space/classics/tanjing,https://weibo.com/7898624265/R1uUIhqQp,禅宗知识库 (chanzong.space) · 六祖坛经谱系档案,Brand Mention / Contextual,Live,在文史领域博主【文史令官】的坛经热门博文下互动留言，自然引荐开源禅宗知识库
BL-0106,2026-09-08 14:30:58,新浪微博 (Weibo DA 90+),国内,热门博文学术互动评论,博主【Winwin-Wang】热门博文互动：心经色即是空与现代认知实相,https://chanzong.space/classics/xinjing,https://weibo.com/7551965623/R5npkfb2u,禅宗知识库 (chanzong.space) · 心经现代认知学详注,Brand Mention / Contextual,Live,在博主【Winwin-Wang】关于心经与空性觉知的博文下探讨实相观照，推荐非营利禅宗知识库
BL-0107,2026-09-08 14:31:29,新浪微博 (Weibo DA 90+),国内,热门博文学术互动评论,博主【皓伦王明川】热门博文互动：王德峰教授讲金刚经对现代人精神困顿的帮助,https://chanzong.space/classics/jingangjing,https://weibo.com/2365961811/Rfnk69hkI,禅宗知识库 (chanzong.space) · 金刚经见性修持架构,Brand Mention / Contextual,Live,在博主【皓伦王明川】王德峰讲金刚经视频博文下发表高共鸣互动，提及禅宗知识库
BL-0108,2026-09-08 14:32:00,新浪微博 (Weibo DA 90+),国内,热门博文学术互动评论,博主【仁静法师】热门博文互动：狂心若歇歇即菩提与反闻闻自性,https://chanzong.space/classics/lengyanjing,https://weibo.com/6482876202/Oh1fXnPWH,禅宗知识库 (chanzong.space) · 楞严经反闻闻自性法门,Brand Mention / Contextual,Live,在认证博主【仁静法师】修行博文下以虔敬学术同修口吻互动赞叹，自然引出首楞严反闻闻自性
BL-0109,2026-09-08 14:52:54,知乎 (Zhihu DA 95+),国内,顶级中文知识专栏,直指人心与顿悟见性：重读达摩大师《血脉论》与《二入四行论》,https://chanzong.space/classics/damoxuemai,https://zhuanlan.zhihu.com/p/2080669850339374326,禅宗知识库 · 菩提达摩大师血脉论与见性实相档案,Dofollow / UGC,Live,知乎认证创作者【i禅修】发布高权重专栏文章，深入解读达摩血脉论见性即佛与二入四行修证，含达摩专页与D3图谱回链
BL-0110,2026-09-08 14:53:46,知乎 (Zhihu DA 95+),国内,顶级中文知识专栏,狂心若歇，歇即菩提：十卷《大佛顶首楞严经》的破妄显真修证脉络,https://chanzong.space/classics/lengyanjing,https://zhuanlan.zhihu.com/p/2080670079256211814,禅宗知识库 · 大佛顶首楞严经十卷白话导读与修证图谱,Dofollow / UGC,Live,知乎认证创作者【i禅修】发布高权重专栏文章，全面剖析楞严经七处征心与狂心若歇，含楞严专页与图谱回链
BL-0111,2026-09-08 14:54:05,知乎 (Zhihu DA 95+),国内,顶级中文知识专栏,《心经》核心奥义解密：色即是空与五蕴皆空的现代认知学观照,https://chanzong.space/classics/xinjing,https://zhuanlan.zhihu.com/p/2080669349367509859,禅宗知识库 · 般若波罗蜜多心经现代白话精解与认知学详注,Dofollow / UGC,Live,知乎认证创作者【i禅修】发布高权重专栏文章，现代认知学观照心经色空不二与五蕴皆空，含心经专页与D3图谱回链
BL-0112,2026-09-08 15:37:50,知乎 (Zhihu DA 95+),国内,高质量社区互动评论,知乎答主【老毛认知圈】《什么佛经都没读过，也不懂佛学，可以读《六祖坛经》吗？》互动评论,https://chanzong.space/classics/tanjing,https://www.zhihu.com/question/2036422757978723800/answer/2074274506537964121,禅宗知识库 · 六祖法宝坛经现代白话精解与法脉图谱,UGC 互动外链,Live,在知乎答主【老毛认知圈】六祖坛经高赞回答下发表高质量学术互动评论，探讨直指人心与自性清净 (官方评论ID: 11572088794)
BL-0113,2026-09-08 15:38:27,知乎 (Zhihu DA 95+),国内,高质量社区互动评论,知乎答主【臧大为】《《金刚经》能使人大彻大悟吗？》互动评论,https://chanzong.space/classics/jingangjing,https://www.zhihu.com/question/1913876847906785200/answer/2030818524764049481,禅宗知识库 · 金刚般若波罗蜜经白话详注与三段论拆解,UGC 互动外链,Live,在知乎大V答主【臧大为】金刚经高赞回答下发表高质量学术互动评论，深入剖析应无所住与三段论 (官方评论ID: 11571799514)
BL-0114,2026-09-08 15:39:05,知乎 (Zhihu DA 95+),国内,高质量社区互动评论,知乎答主【浪羁】《《般若波罗蜜多心经》主要讲了什么？》互动评论,https://chanzong.space/classics/xinjing,https://www.zhihu.com/question/2053095292069852633/answer/2055900761746306073,禅宗知识库 · 般若波罗蜜多心经认知学解析与五蕴图谱,UGC 互动外链,Live,在知乎大V答主【浪羁】心经高赞回答下发表高质量学术互动评论，探讨五蕴皆空与现代认知哲学 (官方评论ID: 11572263583)
BL-0115,2026-09-08 16:22:49,豆瓣 (Douban DA 88+),国内,书评,本来无一物：从《六祖坛经》看心性顿悟与现代认知的解构,https://chanzong.space/classics/tanjing,https://book.douban.com/review/17808301/,数字化典籍库“禅宗知识库”（chanzong.space/classics/tanjing）,Dofollow / UGC,Removed,豆瓣长篇书评，五星力荐《六祖坛经》，剖析本来无一物与无念无相无住心性观照，文末自然引荐数字化经典专页与知识图谱 [收到平台违规删帖邮件，已下架并启动冷冻避险]
BL-0116,2026-09-08 16:24:27,豆瓣 (Douban DA 88+),国内,书评,应无所住而生其心：从《金刚经》看现代人精神内耗的彻底破局,https://chanzong.space/classics/jingangjing,https://book.douban.com/review/17808303/,数字化开源学术平台“禅宗知识库”（chanzong.space/classics/jingangjing）,Dofollow / UGC,Removed,豆瓣长篇书评，五星力荐《金刚经》（鸠摩罗什译本），剖析破相离相与应无所住而生其心，文末自然引荐金刚经专页与D3图谱 [收到平台违规删帖邮件，已下架并启动冷冻避险]
BL-0117,2026-09-08 16:25:35,豆瓣 (Douban DA 88+),国内,书评,照见五蕴皆空度一切苦厄：重读《心经》260字的心智解构力量,https://chanzong.space/classics/xinjing,https://book.douban.com/review/17808304/,专业数字化典籍文献库“禅宗知识库”（chanzong.space/classics/xinjing）,Dofollow / UGC,Removed,豆瓣长篇书评，五星力荐《般若波罗蜜多心经》，从认知心理与缘起性空剖析色不异空与心无挂碍，文末自然引荐心经专页 [收到平台违规删帖邮件，已下架并启动冷冻避险]
BL-0118,2026-09-08 16:27:32,豆瓣 (Douban DA 88+),国内,书评,豆瓣高赞书评《王德峰教授讲义的一些整理》学术互动,https://chanzong.space/classics/tanjing,https://book.douban.com/review/15226779/,数字化典籍库“禅宗知识库”（chanzong.space/classics/tanjing）,UGC 互动讨论,Live,在王德峰教授《六祖坛经》热门书评下方开展心性与破除精神内耗研讨，引荐曹溪全景古籍对照库 (官方ID: 19706044)
BL-0119,2026-09-08 16:28:07,豆瓣 (Douban DA 88+),国内,书评,豆瓣精选书评《《坛经》中的人生佛教思想》学术互动,https://chanzong.space/classics/tanjing,https://book.douban.com/review/4129546/,学术典籍库“禅宗知识库”（chanzong.space/classics/tanjing）,UGC 互动讨论,Live,针对惠能大师'佛法在世间'的人生佛教与定慧一体进行深入学术评注，引荐禅宗知识库 (官方ID: 19706045)
BL-0120,2026-09-08 16:28:43,豆瓣 (Douban DA 88+),国内,书评,豆瓣热门书评《善护念，无所住》学术互动,https://chanzong.space/classics/jingangjing,https://book.douban.com/review/1586229/,数字化平台“禅宗知识库”（chanzong.space/classics/jingangjing）,UGC 互动讨论,Live,在南怀瑾《金刚经说什么》热门书评下针对善护念与应无所住进行学术回应，引荐金刚经分段拆解与脉络图 (官方ID: 19706046)
BL-0121,2026-09-08 16:58:45,哔哩哔哩 (Bilibili DA 94+),国内,社交媒体 / 动态广场,【禅宗心悟 · 明心见性】六祖坛经自性清净深度研学动态,https://chanzong.space/classics/tanjing,https://www.bilibili.com/opus/1245624353612103700,《六祖法宝坛经》曹溪古本白话逐句详注与全景心性脉络图谱（chanzong.space/classics/tanjing）,Dofollow / UGC,Live,B站官方认证账号“禅宗空间”发布的独立永久图文动态(Opus)，免登录公开收录，直达坛经专页
BL-0122,2026-09-08 17:03:58,哔哩哔哩 (Bilibili DA 94+),国内,学术互动讨论,王德峰教授《六祖坛经的智慧》(62.6万播放)视频学术互动评论,https://chanzong.space/classics/tanjing,https://www.bilibili.com/video/BV1XK4y1X7FF,开源文献库“禅宗知识库”（chanzong.space/classics/tanjing）,UGC 互动讨论,Live,在王德峰教授62.6万播放量顶流视频下开展心性破执学术互动，引荐曹溪古本白话考据库 (官方rpid: 316793129088)
BL-0123,2026-09-08 17:08:58,哔哩哔哩 (Bilibili DA 94+),国内,学术互动讨论,王德峰教授《心经》完整讲读(195万播放)顶流视频学术互动评论,https://chanzong.space/classics/xinjing,https://www.bilibili.com/video/BV1mH4y1c7kP,开源文献库“禅宗知识库”（chanzong.space/classics/xinjing）,UGC 互动讨论,Live,在王德峰教授195万播放量顶流视频下开展色空不二与五蕴破执学术互动，引荐心经梵汉考据库 (官方rpid: 316793416176)
BL-0124,2026-09-08 17:08:58,哔哩哔哩 (Bilibili DA 94+),国内,学术互动讨论,体佛法师《金刚经》讲解(55.4万播放)热门视频学术互动评论,https://chanzong.space/classics/jingangjing,https://www.bilibili.com/video/BV14w4m1d7Kv,开源研学平台“禅宗知识库”（chanzong.space/classics/jingangjing）,UGC 互动讨论,Live,在体佛法师55.4万播放量热门视频下探讨应无所住而生其心与三段论扫相，引荐金刚经详解库 (官方rpid: 316793521696)
BL-0125,2026-09-09 08:49:46,哔哩哔哩 (Bilibili DA 94+),国内,社交媒体 / 动态广场,【禅宗根基 · 一心二门】《大乘起信论》心性本觉义理与现代认知解构,https://chanzong.space/classics/dachengqixinlun,https://www.bilibili.com/opus/1245868844651642883,《大乘起信论》梁译古本白话详解与心性脉络图谱（https://chanzong.space/classics/dachengqixinlun）,Dofollow / UGC,Live,B站官方认证账号“禅宗空间”发布《大乘起信论》独立图文动态(Opus)，免登录公开收录
BL-0126,2026-09-09 08:49:46,哔哩哔哩 (Bilibili DA 94+),国内,社交媒体 / 动态广场,【直指人心 · 莫向外求】黄檗希运禅师《传心法要》即心即佛参修指引,https://chanzong.space/classics/chuanxinfayao,https://www.bilibili.com/opus/1245869067999379456,《黄檗山断际禅师传心法要》白话详注与公案图谱（https://chanzong.space/classics/chuanxinfayao）,Dofollow / UGC,Live,B站官方认证账号“禅宗空间”发布《黄檗断际禅师传心法要》独立图文动态(Opus)，免登录公开收录
BL-0127,2026-09-09 08:49:46,哔哩哔哩 (Bilibili DA 94+),国内,社交媒体 / 动态广场,【绝言绝虑 · 唯嫌拣择】三祖僧璨大师《信心铭》圆融无碍的觉醒心法,https://chanzong.space/classics/xinxinming,https://www.bilibili.com/opus/1245869282739355655,《信心铭》古本逐句白话详注与圆融实相图谱（https://chanzong.space/classics/xinxinming）,Dofollow / UGC,Live,B站官方认证账号“禅宗空间”发布《三祖僧璨信心铭》独立图文动态(Opus)，免登录公开收录
BL-0128,2026-09-09 08:50:05,哔哩哔哩 (Bilibili DA 94+),国内,学术互动讨论,梦参老和尚《大乘起信论》全集讲解视频学术互动评论,https://chanzong.space/classics/dachengqixinlun,https://www.bilibili.com/video/BV12bSHYTEzm,开源古籍文献库“禅宗知识库”（chanzong.space/classics/dachengqixinlun）,UGC 互动讨论,Live,在BV12bSHYTEzm视频下开展深度学术互动，引荐典籍专页 (官方rpid: 316855414592)
BL-0129,2026-09-09 08:50:31,哔哩哔哩 (Bilibili DA 94+),国内,学术互动讨论,黄檗希运禅师《传心法要》视频学术互动评论,https://chanzong.space/classics/chuanxinfayao,https://www.bilibili.com/video/BV1ws4y1z7ZL,开源学术平台“禅宗知识库”（chanzong.space/classics/chuanxinfayao）,UGC 互动讨论,Live,在BV1ws4y1z7ZL视频下开展深度学术互动，引荐典籍专页 (官方rpid: 316855462064)
BL-0130,2026-09-09 08:50:57,哔哩哔哩 (Bilibili DA 94+),国内,学术互动讨论,南怀瑾先生讲禅宗《信心铭》视频学术互动评论,https://chanzong.space/classics/xinxinming,https://www.bilibili.com/video/BV1bm5k63EHt,数字化古籍平台“禅宗知识库”（chanzong.space/classics/xinxinming）,UGC 互动讨论,Live,在BV1bm5k63EHt视频下开展深度学术互动，引荐典籍专页 (官方rpid: 316855540480)
BL-0131,2026-09-09 08:51:23,哔哩哔哩 (Bilibili DA 94+),国内,学术互动讨论 / 楼中楼回复,梦参法师《大乘起信论》视频热评二级回复交流,https://chanzong.space/classics/dachengqixinlun,https://www.bilibili.com/video/BV12bSHYTEzm,专业文献库“禅宗知识库”（chanzong.space/classics/dachengqixinlun）,UGC 互动讨论,Live,在BV12bSHYTEzm视频热评下二级回复用户【阿kin阿擦】，深入研讨并引荐落地页 (官方rpid: 316855548688)
BL-0132,2026-09-09 08:51:49,哔哩哔哩 (Bilibili DA 94+),国内,学术互动讨论 / 楼中楼回复,黄檗禅师《传心法要》视频热评二级回复交流,https://chanzong.space/classics/chuanxinfayao,https://www.bilibili.com/video/BV1ws4y1z7ZL,学术平台“禅宗知识库”（chanzong.space/classics/chuanxinfayao）,UGC 互动讨论,Live,在BV1ws4y1z7ZL视频热评下二级回复用户【君去归来含笑兮】，深入研讨并引荐落地页 (官方rpid: 316855485744)
BL-0133,2026-09-09 08:52:15,哔哩哔哩 (Bilibili DA 94+),国内,学术互动讨论 / 楼中楼回复,南怀瑾先生《信心铭》视频热评二级回复交流,https://chanzong.space/classics/xinxinming,https://www.bilibili.com/video/BV1bm5k63EHt,开源典籍库“禅宗知识库”（chanzong.space/classics/xinxinming）,UGC 互动讨论,Live,在BV1bm5k63EHt视频热评下二级回复用户【Monfangod】，深入研讨并引荐落地页 (官方rpid: 316855492976)
BL-0134,2026-09-09 09:01:48,知乎 (Zhihu DA 95+),国内,顶级中文知识专栏,一心开二门：从《大乘起信论》看当代人的精神内耗与真如实相,https://chanzong.space/classics/dachengqixinlun,https://zhuanlan.zhihu.com/p/2080943878161556745,禅宗知识库 · 大乘起信论真谛梁译白话详注与心性脉络图谱,Dofollow / UGC,Live,知乎认证创作者【i禅修】发布高权重专栏文章，深度剖析马鸣菩萨一心二门与现代认知科学，含起信论专页回链
BL-0135,2026-09-09 09:02:44,知乎 (Zhihu DA 95+),国内,顶级中文知识专栏,即心即佛与莫向外求：读黄檗希运禅师《传心法要》的息心之境,https://chanzong.space/classics/chuanxinfayao,https://zhuanlan.zhihu.com/p/2080944124887417522,禅宗知识库 · 黄檗断际禅师传心法要白话详解与公案心印,Dofollow / UGC,Live,知乎认证创作者【i禅修】发布高权重专栏文章，深入解读裴休集传心法要即心即佛与言语道断，含传心法要专页回链
BL-0136,2026-09-09 09:03:38,知乎 (Zhihu DA 95+),国内,顶级中文知识专栏,至道无难唯嫌拣择：重读三祖僧璨《信心铭》的心理解构力量,https://chanzong.space/classics/xinxinming,https://zhuanlan.zhihu.com/p/2080944355423138405,禅宗知识库 · 三祖僧璨大师信心铭逐句白话译注与圆融实相档案,Dofollow / UGC,Live,知乎认证创作者【i禅修】发布高权重专栏文章，现代认知心理学视角解构信心铭唯嫌拣择与不二法门，含信心铭专页回链
BL-0137,2026-09-09 09:11:08,知乎 (Zhihu DA 95+),国内,高质量社区互动评论,知乎高赞回答《既然真如本自清净，为何还会生出无明？》学术一级深度评论,https://chanzong.space/classics/dachengqixinlun,https://www.zhihu.com/question/2045925637215589197/answer/2062862747696735206#comment-11572945142,禅宗知识库 · 大乘起信论真如门与生灭门全景架构,UGC 互动外链,Live,在知乎真如无明高赞回答下发表一级学术深度评论，辨析心真如门与生灭门，并指引起信论专页 (官方评论ID: 11572945142)
BL-0138,2026-09-09 09:11:39,知乎 (Zhihu DA 95+),国内,社区二级学术回复 / 楼中楼,知乎高赞回答《既然真如本自清净，为何还会生出无明？》评论区二级楼中楼回复,https://chanzong.space/classics/dachengqixinlun,https://www.zhihu.com/question/2045925637215589197/answer/2062862747696735206#reply-11572709066,禅宗知识库 · 大乘起信论真如门与生灭门全景架构,UGC 互动外链,Live,在知乎真如无明问答评论区与同修进行二级探讨，辨析始觉合于本觉之要旨 (官方回复ID: 11572709066)
BL-0139,2026-09-09 09:12:18,知乎 (Zhihu DA 95+),国内,高质量社区互动评论,知乎高赞回答《释迦牟尼是如何形成佛教的核心思维逻辑的？》学术一级深度评论,https://chanzong.space/classics/chuanxinfayao,https://www.zhihu.com/question/1917160607779619845/answer/1937745436090808264#comment-11572855739,禅宗知识库 · 传心法要逐段精解与即心即佛见地,UGC 互动外链,Live,在知乎佛教核心思维逻辑高赞回答下发表一级评论，直指黄檗断际禅师即心即佛心要 (官方评论ID: 11572855739)
BL-0140,2026-09-09 09:12:49,知乎 (Zhihu DA 95+),国内,社区二级学术回复 / 楼中楼,知乎高赞回答《释迦牟尼是如何形成佛教的核心思维逻辑的？》评论区二级楼中楼回复,https://chanzong.space/classics/chuanxinfayao,https://www.zhihu.com/question/1917160607779619845/answer/1937745436090808264#reply-11572974233,禅宗知识库 · 传心法要逐段精解与即心即佛见地,UGC 互动外链,Live,在知乎佛教核心思维问答评论区与道友交流以指指月与直下承当之宗门见地 (官方回复ID: 11572974233)
BL-0141,2026-09-09 09:13:28,知乎 (Zhihu DA 95+),国内,高质量社区互动评论,知乎高赞回答《至道无难，唯嫌拣择这句话出自什么哪里？》学术一级深度评论,https://chanzong.space/classics/xinxinming,https://www.zhihu.com/question/459168425/answer/2080596824281310060#comment-11572366463,禅宗知识库 · 信心铭五百八十四字白话全注与不二心法,UGC 互动外链,Live,在知乎信心铭出处高赞回答下发表一级深度学术评论，剖析至道无难唯嫌拣择之安心法门 (官方评论ID: 11572366463)
BL-0142,2026-09-09 09:13:58,知乎 (Zhihu DA 95+),国内,社区二级学术回复 / 楼中楼,知乎高赞回答《至道无难，唯嫌拣择这句话出自什么哪里？》评论区二级楼中楼回复,https://chanzong.space/classics/xinxinming,https://www.zhihu.com/question/459168425/answer/2080596824281310060#reply-11573031311,禅宗知识库 · 信心铭五百八十四字白话全注与不二心法,UGC 互动外链,Live,在知乎信心铭问答评论区针对日常历事炼心进行二级楼中楼互动探讨 (官方回复ID: 11573031311)
BL-0143,2026-09-09 09:15:06,新浪微博 (Weibo DA 90+),国内,顶级社交媒体平台,【禅修研读 · 一心二门与真如熏习】大乘起信论修证要义,https://chanzong.space/classics/dachengqixinlun,https://weibo.com/6196660530/RhgTBacWA,禅宗知识库 · 大乘起信论一心二门白话全景精读,Dofollow / UGC,Live,微博官方账号发布，带#大乘起信论#、#禅宗智慧#超级话题，引导至起信论专页
BL-0144,2026-09-09 09:15:47,新浪微博 (Weibo DA 90+),国内,顶级社交媒体平台,【禅宗心法 · 即心即佛与息念忘机】黄檗断际禅师传心法要,https://chanzong.space/classics/chuanxinfayao,https://weibo.com/6196660530/RhgTS0SsI,禅宗知识库 · 黄檗山断际禅师传心法要白话图谱,Dofollow / UGC,Live,微博官方账号发布，带#传心法要#、#黄檗禅师#超级话题，引导至传心法要专页
BL-0145,2026-09-09 09:16:28,新浪微博 (Weibo DA 90+),国内,顶级社交媒体平台,【宗门心髓 · 至道无难唯嫌拣择】三祖僧璨大师信心铭,https://chanzong.space/classics/xinxinming,https://weibo.com/6196660530/RhgU9j17c,禅宗知识库 · 信心铭五百八十四字白话全注与不二心法,Dofollow / UGC,Live,微博官方账号发布，带#信心铭#、#僧璨大师#超级话题，引导至信心铭专页
BL-0146,2026-09-09 09:17:05,新浪微博 (Weibo DA 90+),国内,热门博文学术互动评论,博主【加州荷风】金刚经博文下一级深度学术互动评论,https://chanzong.space/classics/dachengqixinlun,https://weibo.com/2156211775/Rh5wjdjgi,禅宗知识库 · 大乘起信论真如生灭门全景梳理,Brand Mention / Contextual,Live,在加州荷风热门金刚经博文下发表深度学术互动，指引起信论真如门解析
BL-0147,2026-09-09 09:17:35,新浪微博 (Weibo DA 90+),国内,社区二级学术回复 / 楼中楼,博主【加州荷风】金刚经博文评论区二级楼中楼探讨回复,https://chanzong.space/classics/dachengqixinlun,https://weibo.com/2156211775/Rh5wjdjgi,禅宗知识库 · 大乘起信论真如生灭门全景梳理,Brand Mention / Contextual,Live,在评论区与道友探讨无住生心与真如不二之实修功夫
BL-0148,2026-09-09 09:18:12,新浪微博 (Weibo DA 90+),国内,热门博文学术互动评论,博主【文史令官】六祖坛经博文下一级深度学术互动评论,https://chanzong.space/classics/chuanxinfayao,https://weibo.com/7898624265/R1uUIhqQp,禅宗知识库 · 黄檗禅师传心法要逐段精解,Brand Mention / Contextual,Live,在文史令官六祖坛经博文下引述黄檗传心法要，引荐传心法要专页
BL-0149,2026-09-09 09:18:41,新浪微博 (Weibo DA 90+),国内,社区二级学术回复 / 楼中楼,博主【文史令官】六祖坛经博文评论区二级楼中楼探讨回复,https://chanzong.space/classics/chuanxinfayao,https://weibo.com/7898624265/R1uUIhqQp,禅宗知识库 · 黄檗禅师传心法要逐段精解,Brand Mention / Contextual,Live,在六祖坛经博文评论区就转识成智与立命之道展开二级探讨
BL-0150,2026-09-09 09:19:18,新浪微博 (Weibo DA 90+),国内,热门博文学术互动评论,博主【Winwin-Wang】心经博文下一级深度学术互动评论,https://chanzong.space/classics/xinxinming,https://weibo.com/7551965623/R5npkfb2u,禅宗知识库 · 信心铭白话注疏与不二图谱,Brand Mention / Contextual,Live,在心经博文下引用信心铭辨析真空妙有，引荐信心铭专页
BL-0151,2026-09-09 09:20:55,新浪微博 (Weibo DA 90+),国内,社区二级学术回复 / 楼中楼,博主【Winwin-Wang】心经博文评论区二级楼中楼探讨回复,https://chanzong.space/classics/xinxinming,https://weibo.com/7551965623/R5npkfb2u,禅宗知识库 · 信心铭白话注疏与不二图谱,Brand Mention / Contextual,Live,在心经评论区针对不二见地进行二级同修参究探讨回复
BL-0154,2026-09-09 09:22:49,豆瓣 (Douban DA 88+),国内,高分长篇书评深度学术回应,豆瓣精选书评《心性觉悟与生命观照》一级学术深度回应,https://chanzong.space/classics/jingangjing,https://book.douban.com/review/9107380/,禅宗知识库 · 金刚般若波罗蜜经现代白话导读与三段论拆解,Contextual UGC,Live,在豆瓣精选书评下以金刚经四句偈与如梦幻泡影观照为核心发表学术回应
BL-0155,2026-09-09 09:23:16,豆瓣 (Douban DA 88+),国内,社区二级学术回复 / 楼中楼,豆瓣精选书评《心性觉悟与生命观照》书评区同修参究回复,https://chanzong.space/classics/jingangjing,https://book.douban.com/review/9107380/,禅宗知识库 · 金刚般若波罗蜜经现代白话导读与三段论拆解,Contextual UGC,Live,在书评互动区就应无所住与三心不可得展开二级学术探讨
BL-0156,2026-09-09 09:23:52,豆瓣 (Douban DA 88+),国内,高分长篇书评深度学术回应,豆瓣高赞书评《见性不灭与生命真谛》一级学术深度回应,https://chanzong.space/classics/lengyanjing,https://book.douban.com/review/9122151/,禅宗知识库 · 大佛顶首楞严经十卷白话导读与修证图谱,Contextual UGC,Live,在豆瓣书评下结合首楞严经七处征心与二十五圣圆通法门发表深度回应
BL-0157,2026-09-09 09:24:19,豆瓣 (Douban DA 88+),国内,社区二级学术回复 / 楼中楼,豆瓣高赞书评《见性不灭与生命真谛》书评区同修参究回复,https://chanzong.space/classics/lengyanjing,https://book.douban.com/review/9122151/,禅宗知识库 · 大佛顶首楞严经十卷白话导读与修证图谱,Contextual UGC,Live,在书评交流区针对反闻闻自性与不生不灭觉性展开二级探讨
BL-0155,2026-09-09 15:09:18,稀土掘金 (Juejin DA 86+),国内,字节跳动前沿技术社区,开源数字人文实践：基于 Next.js 14 与 D3.js 构建 120+ 部禅宗典籍多维知识图谱,https://chanzong.space,https://juejin.cn/post/7683129449793601536,禅宗知识库 (chanzong.space),DoFollow / In-content Contextual,Live,稀土掘金前端架构专栏技术深度剖析第 1 篇，带开源架构设计与官网知识图谱超链接
BL-0156,2026-09-09 15:09:18,稀土掘金 (Juejin DA 86+),国内,字节跳动前沿技术社区,从两千年古籍文献到动态引力网络：数字人文领域的知识图谱建模实战,https://chanzong.space,https://juejin.cn/post/7683351726729920546,禅宗知识库 (chanzong.space),DoFollow / In-content Contextual,Live,稀土掘金前端架构专栏技术深度剖析第 2 篇，带开源架构设计与官网知识图谱超链接
BL-0157,2026-09-09 15:09:18,稀土掘金 (Juejin DA 86+),国内,字节跳动前沿技术社区,Web 前端与传统哲学的碰撞：现代交互式典籍图谱的动效与性能优化,https://chanzong.space,https://juejin.cn/post/7683129449793798144,禅宗知识库 (chanzong.space),DoFollow / In-content Contextual,Live,稀土掘金前端架构专栏技术深度剖析第 3 篇，带开源架构设计与官网知识图谱超链接
BL-0158,2026-09-09 15:15:49,稀土掘金 (Juejin DA 86+),国内,字节跳动前沿技术社区,美团技术团队：知识图谱可视化技术在美团的实践与探索,https://chanzong.space,https://juejin.cn/post/7089229700295295007,禅宗知识库 chanzong.space,DoFollow / UGC Comment,Live,稀土掘金一级深度技术探讨评论第 1 条，围绕图谱可视化、数字人文与 D3.js 展开
BL-0159,2026-09-09 15:16:06,稀土掘金 (Juejin DA 86+),国内,字节跳动前沿技术社区,美团技术团队：知识图谱可视化技术在美团的实践与探索（楼中楼跟评）,https://chanzong.space,https://juejin.cn/post/7089229700295295007,禅宗知识库 chanzong.space,DoFollow / UGC Reply,Live,稀土掘金二级楼中楼跟评回复第 1 条，就图谱拓扑与语义计算展开学术切磋
BL-0160,2026-09-09 15:16:25,稀土掘金 (Juejin DA 86+),国内,字节跳动前沿技术社区,汀丶人工智能：基于知识图谱的《红楼梦》人物关系可视化及问答系统,https://chanzong.space,https://juejin.cn/post/7252714536637874234,禅宗知识库 chanzong.space,DoFollow / UGC Comment,Live,稀土掘金一级深度技术探讨评论第 2 条，围绕图谱可视化、数字人文与 D3.js 展开
BL-0161,2026-09-09 15:16:46,稀土掘金 (Juejin DA 86+),国内,字节跳动前沿技术社区,日习一技：可视化探索 GraphRAG 的知识图谱,https://chanzong.space,https://juejin.cn/post/7542045803584028698,禅宗知识库 chanzong.space,DoFollow / UGC Comment,Live,稀土掘金一级深度技术探讨评论第 3 条，围绕图谱可视化、数字人文与 D3.js 展开
BL-0162,2026-09-09 15:20:55,稀土掘金 (Juejin DA 86+),国内,字节跳动前沿技术社区,美团技术团队图谱文章（回复 小九九的爸爸）,https://chanzong.space,https://juejin.cn/post/7089229700295295007,禅宗知识库 chanzong.space,DoFollow / UGC Reply,Live,稀土掘金二级楼中楼跟评第 1 条，与技术同仁【小九九的爸爸】深入切磋图谱架构
BL-0163,2026-09-09 15:21:09,稀土掘金 (Juejin DA 86+),国内,字节跳动前沿技术社区,美团技术团队图谱文章（回复 徐小夕）,https://chanzong.space,https://juejin.cn/post/7089229700295295007,禅宗知识库 chanzong.space,DoFollow / UGC Reply,Live,稀土掘金二级楼中楼跟评第 2 条，与技术同仁【徐小夕】深入切磋图谱架构
BL-0164,2026-09-09 15:21:22,稀土掘金 (Juejin DA 86+),国内,字节跳动前沿技术社区,美团技术团队图谱文章（回复 刺客五六七）,https://chanzong.space,https://juejin.cn/post/7089229700295295007,禅宗知识库 chanzong.space,DoFollow / UGC Reply,Live,稀土掘金二级楼中楼跟评第 3 条，与技术同仁【刺客五六七】深入切磋图谱架构
BL-0165,2026-09-09 15:31:12,CSDN (DA 92+),国内,中文IT技术社区龙头,开源数字人文实践：基于 Next.js 14 与 D3.js 构建 120+ 部禅宗典籍多维知识图谱,https://chanzong.space,https://blog.csdn.net/oWillSun/article/details/164746092,禅宗知识库 (chanzong.space),DoFollow / In-content Contextual,Live,CSDN 深度技术博文第 1 篇，拆解 Next.js 14 与 D3.js 知识图谱架构设计，带官网超链接
BL-0166,2026-09-09 15:31:34,CSDN (DA 92+),国内,中文IT技术社区龙头,从两千年古籍文献到动态引力网络：数字人文领域的知识图谱建模实战,https://chanzong.space,https://blog.csdn.net/oWillSun/article/details/164746148,禅宗知识库 (chanzong.space),DoFollow / In-content Contextual,Live,CSDN 深度技术博文第 2 篇，探讨古籍文献拓扑建模与全网状多维下钻，带官网超链接
BL-0167,2026-09-09 17:08:12,CSDN,国内,深度评论,知识图谱可视化避坑指南：为什么我的D3力引导图节点总重叠？,https://chanzong.space,https://blog.csdn.net/weixin_26950847/article/details/160009006#comment,https://chanzong.space,UGC,Live,一级深度学术技术评论（探讨大规模知识网络碰撞检测与力导向仿真冻结，手动滑块验证通过）
BL-0168,2026-09-09 17:08:12,CSDN,国内,楼中楼回复,知识图谱可视化避坑指南：为什么我的D3力引导图节点总重叠？,https://chanzong.space/graph,https://blog.csdn.net/weixin_26950847/article/details/160009006#comment-40170094,https://chanzong.space/graph,UGC,Live,二级楼中楼跟评（探讨 Text SVG 动态包围盒优化与古籍知识图谱实践，ID: 40170094）
BL-0169,2026-09-09 17:08:12,CSDN,国内,深度评论,d3 - 从零构建知识图谱力引导图：基础实现与动态交互,https://chanzong.space,https://blog.csdn.net/weixin_30823001/article/details/98817524#comment-40170095,https://chanzong.space,UGC,Live,一级深度学术技术评论（探讨 D3 拖拽唤醒、邻域高亮与两千年法脉传承落地，ID: 40170095）
BL-0170,2026-09-09 17:08:12,CSDN,国内,楼中楼回复,d3 - 从零构建知识图谱力引导图：基础实现与动态交互,https://chanzong.space,https://blog.csdn.net/weixin_30823001/article/details/98817524#comment-40170098,https://chanzong.space,UGC,Live,二级楼中楼跟评（探讨移动端 touch-action 与手势缩放抖动优化，ID: 40170098）
BL-0171,2026-09-09 17:08:12,CSDN,国内,深度评论,D3.js实战：从零构建交互式知识图谱（含动态增删与布局优化）,https://chanzong.space,https://blog.csdn.net/weixin_34180452/article/details/161442239#comment-40170096,https://chanzong.space,UGC,Live,一级深度学术技术评论（探讨增量节点坐标锚定与引力网络抗坍缩退火优化，ID: 40170096）
BL-0172,2026-09-09 17:08:12,CSDN,国内,楼中楼回复,D3.js实战：从零构建交互式知识图谱（含动态增删与布局优化）,https://chanzong.space,https://blog.csdn.net/weixin_34180452/article/details/161442239#comment-40170099,https://chanzong.space,UGC,Live,二级楼中楼跟评（探讨 Canvas/SVG 混合分层渲染降低重绘开销，ID: 40170099）
BL-0173,2026-09-09 17:22:48,博客园 (CNBlogs DA 89+),国内,深度评论,springboot2.0+Neo4j+d3.js构建知识图谱,https://chanzong.space,https://www.cnblogs.com/wangsongbai/p/10612711.html,禅宗知识库 (chanzong.space),UGC,Live,一级深度学术技术评论（探讨 Neo4j 图数据与 D3 动态力导向布局退火防抖，已正式在架）
BL-0174,2026-09-09 17:22:48,博客园 (CNBlogs DA 89+),国内,楼中楼回复,springboot2.0+Neo4j+d3.js构建知识图谱,https://chanzong.space,https://www.cnblogs.com/wangsongbai/p/10612711.html,禅宗知识库 (chanzong.space),UGC,Live,二级楼中楼跟评（探讨 Text SVG 动态包围盒优化与文字排版自适应，已正式在架）
BL-0175,2026-09-09 17:22:48,博客园 (CNBlogs DA 89+),国内,深度评论,知识图谱可视化,https://chanzong.space,https://www.cnblogs.com/sea520/p/11843290.html,禅宗知识库 (chanzong.space),UGC,Live,一级深度学术技术评论（探讨 D3 状态机解耦与动态引力网络聚类，已正式在架）
BL-0176,2026-09-09 17:22:48,博客园 (CNBlogs DA 89+),国内,楼中楼回复,知识图谱可视化,https://chanzong.space,https://www.cnblogs.com/sea520/p/11843290.html,禅宗知识库 (chanzong.space),UGC,Live,二级楼中楼跟评（探讨 Canvas 与 SVG 混合分层渲染降低重绘开销，已正式在架）
BL-0177,2026-09-09 17:22:48,博客园 (CNBlogs DA 89+),国内,深度评论,[知识图谱] 笔记 01 - 初识,https://chanzong.space,https://www.cnblogs.com/jesse123/p/14583680.html,禅宗知识库 (chanzong.space),UGC,Live,一级深度学术技术评论（探讨实体对齐唯一标识与多维卡片互联网络，已正式在架）
BL-0178,2026-09-09 17:22:48,博客园 (CNBlogs DA 89+),国内,楼中楼回复,[知识图谱] 笔记 01 - 初识,https://chanzong.space,https://www.cnblogs.com/jesse123/p/14583680.html,禅宗知识库 (chanzong.space),UGC,Live,二级楼中楼跟评（探讨本体概念层级结合 Radial Force 径向引力分层，已正式在架）
BL-0182,2026-09-10 09:06:55,稀土掘金 (Juejin DA 86+),国内,技术专栏长文 (Markdown),D3.js 力导向图物理碰撞参数调优指南：以大型传统文化图谱为例,https://chanzong.space/graph,https://juejin.cn/post/7683129449793798144,开源数字人文图谱 (chanzong.space),Dofollow,Live,Day 2 独立技术专栏长文，ByteMD 原生天蓝 Markdown 链接，正式在架
BL-0183,2026-09-10 09:07:26,稀土掘金 (Juejin DA 86+),国内,技术专栏长文 (Markdown),从零实现基于 Next.js 14 App Router 的无闪烁繁简转换器,https://chanzong.space,https://juejin.cn/post/7683129449793798144,禅宗知识库 (chanzong.space),Dofollow,Live,Day 2 独立技术专栏长文，ByteMD 原生天蓝 Markdown 链接，正式在架
BL-0181,2026-09-10 09:12:24,稀土掘金 (Juejin DA 86+),国内,技术专栏长文 (Markdown),D3.js 力导向图物理碰撞参数调优指南：以大型传统文化图谱为例,https://chanzong.space/graph,https://juejin.cn/post/7683426905479200783,开源数字人文图谱 (chanzong.space),Dofollow,Live,Day 2 独立技术专栏长文第 1 篇，ByteMD 原生天蓝 Markdown 链接，正式在架
BL-0182,2026-09-10 09:12:24,稀土掘金 (Juejin DA 86+),国内,技术专栏长文 (Markdown),从零实现基于 Next.js 14 App Router 的无闪烁繁简转换器,https://chanzong.space,https://juejin.cn/post/7683394933153382440,禅宗知识库 (chanzong.space),Dofollow,Live,Day 2 独立技术专栏长文第 2 篇，ByteMD 原生天蓝 Markdown 链接，正式在架
BL-0183,2026-09-10 09:12:24,稀土掘金 (Juejin DA 86+),国内,技术专栏长文 (Markdown),数字人文知识图谱的前端渲染架构与卡片穿透互链设计,https://chanzong.space/concepts,https://juejin.cn/post/7683394933153415208,数字人文知识库 (chanzong.space),Dofollow,Live,Day 2 独立技术专栏长文第 3 篇，ByteMD 原生天蓝 Markdown 链接，正式在架
BL-0184,2026-09-10 09:13:02,稀土掘金 (Juejin DA 86+),国内,大厂/顶流技术深度学术评论,美团技术团队：知识图谱可视化技术在美团的实践与探索,https://chanzong.space,https://juejin.cn/post/7089229700295295007,禅宗知识库 (chanzong.space),DoFollow / UGC Comment,Live,Day 2 稀土掘金一级深度技术评论第 1 条，探讨图谱可视化与数字人文工程
BL-0185,2026-09-10 09:13:45,稀土掘金 (Juejin DA 86+),国内,大厂/顶流技术深度学术评论,基于知识图谱的《红楼梦》人物关系可视化及问答系统,https://chanzong.space,https://juejin.cn/post/7252714536637874234,禅宗知识库 (chanzong.space),DoFollow / UGC Comment,Live,Day 2 稀土掘金一级深度技术评论第 2 条，探讨图谱可视化与数字人文工程
BL-0186,2026-09-10 09:14:28,稀土掘金 (Juejin DA 86+),国内,大厂/顶流技术深度学术评论,可视化探索 GraphRAG 的知识图谱,https://chanzong.space,https://juejin.cn/post/7542045803584028698,禅宗知识库 (chanzong.space),DoFollow / UGC Comment,Live,Day 2 稀土掘金一级深度技术评论第 3 条，探讨图谱可视化与数字人文工程
BL-0187,2026-09-10 09:15:13,稀土掘金 (Juejin DA 86+),国内,二级楼中楼开发者技术探讨,美团技术团队：知识图谱可视化技术在美团的实践与探索,https://chanzong.space/graph,https://juejin.cn/post/7089229700295295007,禅宗知识库 (chanzong.space),DoFollow / UGC Reply,Live,Day 2 稀土掘金二级楼中楼跟评第 1 条，回复美团文章下开发者关于复杂网络贝塞尔曲线拟合优化
BL-0188,2026-09-10 09:15:13,稀土掘金 (Juejin DA 86+),国内,二级楼中楼开发者技术探讨,基于知识图谱的《红楼梦》人物关系可视化及问答系统,https://chanzong.space/graph,https://juejin.cn/post/7252714536637874234,禅宗知识库 (chanzong.space),DoFollow / UGC Reply,Live,Day 2 稀土掘金二级楼中楼跟评第 2 条，回复红楼梦图谱文章下开发者关于词源映射与语义对齐
BL-0189,2026-09-10 09:15:13,稀土掘金 (Juejin DA 86+),国内,二级楼中楼开发者技术探讨,可视化探索 GraphRAG 的知识图谱,https://chanzong.space/graph,https://juejin.cn/post/7542045803584028698,禅宗知识库 (chanzong.space),DoFollow / UGC Reply,Live,Day 2 稀土掘金二级楼中楼跟评第 3 条，回复 GraphRAG 文章下开发者关于图聚类与确定性上下文召回
BL-0190,2026-09-10 09:15:44,CSDN (DA 92+),国内,中文IT技术社区龙头,知识图谱前端力引导布局防抖与性能优化实战,https://chanzong.space/graph,https://blog.csdn.net/oWillSun/article/details/164805195,开源数字人文图谱 (chanzong.space),DoFollow / In-content Contextual,Live,Day 2 CSDN 独立技术博文第 1 篇，CKEditor 原生超链接，正式在架
BL-0191,2026-09-10 09:16:22,CSDN (DA 92+),国内,中文IT技术社区龙头,数字人文视角下的大型概念网络可视化架构,https://chanzong.space,https://blog.csdn.net/oWillSun/article/details/164805260,禅宗知识库 (chanzong.space),DoFollow / In-content Contextual,Live,Day 2 CSDN 独立技术博文第 2 篇，CKEditor 原生超链接，正式在架
BL-0192,2026-09-10 09:17:28,CSDN (DA 92+),国内,中文IT技术社区龙头,D3.js 知识图谱避坑指南与力学仿真优化 (一级深度学术评论),https://chanzong.space,https://blog.csdn.net/any/article/details/160009006,https://chanzong.space,DoFollow / UGC Comment,Live,"Day 2 CSDN 一级深度评论第 1 条，文章 ID: 160009006, 官方评论 ID: 40172086"
BL-0193,2026-09-10 09:19:20,CSDN (DA 92+),国内,中文IT技术社区龙头,从零构建知识图谱力引导图实战教程 (一级深度学术评论),https://chanzong.space,https://blog.csdn.net/any/article/details/98817524,https://chanzong.space,DoFollow / UGC Comment,Live,"Day 2 CSDN 一级深度评论第 2 条，文章 ID: 98817524, 官方评论 ID: 40172087"
BL-0194,2026-09-10 09:23:19,CSDN (DA 92+),国内,中文IT技术社区龙头 (一级深度学术评论),CSDN 文章 161442239 一级深度技术评论,https://chanzong.space,https://blog.csdn.net/weixin_34180452/article/details/161442239,https://chanzong.space,DoFollow / UGC Interaction,Live,"Day 2 CSDN 互动，文章 ID: 161442239, 官方评论 ID: 40172090"
BL-0195,2026-09-10 10:11:58,博客园 (CNBlogs DA 89+),国内,老牌高权重技术博客 (独立技术长文),Next.js 14 与 D3.js 实战：海量数字人文知识图谱的前端渲染与防抖优化,https://chanzong.space/graph,https://www.cnblogs.com/chanzongspace/p/22916657,https://chanzong.space/graph,DoFollow / Markdown Link,Live,Day 2 博客园独立技术博客，探讨 D3 力导向图防抖与 Next.js 14 架构，免登录公开已收录
BL-0196,2026-09-10 10:12:16,博客园 (CNBlogs DA 89+),国内,老牌高权重技术博客 (独立技术长文),基于 React 18 的无闪烁全站繁简即时转换器设计与实现,https://chanzong.space,https://www.cnblogs.com/chanzongspace/p/22916674,https://chanzong.space,DoFollow / Markdown Link,Live,Day 2 博客园独立技术长文，公开在架收录: https://www.cnblogs.com/chanzongspace/p/22916674
BL-0197,2026-09-10 10:12:47,博客园 (CNBlogs DA 89+),国内,老牌高权重技术博客 (独立技术长文),数字人文视角下的典籍概念网络与多维卡片穿透互链设计,https://chanzong.space/concepts,https://www.cnblogs.com/chanzongspace/p/22916695,https://chanzong.space/concepts,DoFollow / Markdown Link,Live,Day 2 博客园独立技术长文，公开在架收录: https://www.cnblogs.com/chanzongspace/p/22916695
BL-0198,2026-09-10 10:14:25,博客园 (CNBlogs DA 89+),国内,老牌高权重技术博客 (一级深度学术技术评论),博客园 NebulaGraph 团队力导向图优化文章下的一级深度技术评论,https://chanzong.space,https://www.cnblogs.com/nebulagraph/p/12807095.html,【禅宗知识库（chanzong.space）】,Tier 3 Natural Brand Citation,Live,"Day 2 博客园一级技术评论，博文: D3.js 力导向图的显示优化, 永久收录"
BL-0199,2026-09-10 10:14:55,博客园 (CNBlogs DA 89+),国内,老牌高权重技术博客 (一级深度学术技术评论),博客园 Vue 与 D3 力导向图文章下的一级深度技术评论,https://chanzong.space,https://www.cnblogs.com/webhmy/p/13665852.html,【禅宗知识库（chanzong.space）】,Tier 3 Natural Brand Citation,Live,"Day 2 博客园一级技术评论，博文: Vue和d3.js(v4)力导向图force结合使用, 永久收录"
BL-0200,2026-09-10 10:16:24,博客园 (CNBlogs DA 89+),国内,老牌高权重技术博客 (一级深度学术技术评论),博客园人物关系图谱文章下的一级深度技术评论,https://chanzong.space,https://www.cnblogs.com/by-xu/p/11174098.html,【禅宗知识库（chanzong.space）】,Tier 3 Natural Brand Citation,Live,"Day 2 博客园一级技术评论，博文: D3.js+Es6+webpack构建人物关系图(力导向图), 永久收录"
BL-0201,2026-09-10 10:16:56,博客园 (CNBlogs DA 89+),国内,老牌高权重技术博客 (二级楼中楼技术探讨),博客园人物关系图第 1 条读者提问下的二级楼中楼学术跟评,https://chanzong.space,https://www.cnblogs.com/by-xu/p/11174098.html,【禅宗知识库（chanzong.space）】,Tier 3 Natural Brand Citation,Live,"Day 2 博客园楼中楼学术跟评，博文: D3.js+Es6+webpack构建人物关系图, 定向外部开发者探讨"
BL-0202,2026-09-10 10:17:28,博客园 (CNBlogs DA 89+),国内,老牌高权重技术博客 (二级楼中楼技术探讨),博客园人物关系图第 2 条读者提问下的二级楼中楼学术跟评,https://chanzong.space,https://www.cnblogs.com/by-xu/p/11174098.html,【禅宗知识库（chanzong.space）】,Tier 3 Natural Brand Citation,Live,"Day 2 博客园楼中楼学术跟评，博文: D3.js+Es6+webpack构建人物关系图, 定向外部开发者探讨"
BL-0203,2026-09-10 10:17:33,知乎 (Zhihu DA 95+),国内,顶级中文知识专栏,本来无一物何处惹尘埃：六祖坛经顿悟心法与现代认知解构,https://chanzong.space/classics/liuzutan-jing,https://zhuanlan.zhihu.com/p/2081325334738354210,禅宗知识库 · 六祖法宝坛经敦煌本白话详注与自性心法图谱,Dofollow / UGC,Live,知乎认证创作者【i禅修】发布高权重专栏文章，深度解读六祖惠能本来无一物与直指人心顿悟心法
BL-0204,2026-09-10 10:18:00,博客园 (CNBlogs DA 89+),国内,老牌高权重技术博客 (二级楼中楼技术探讨),博客园 leyi 人物关系图文章下的二级楼中楼学术跟评,https://chanzong.space,https://www.cnblogs.com/leyi/p/7070048.html,【禅宗知识库（chanzong.space）】,Tier 3 Natural Brand Citation,Live,"Day 2 博客园楼中楼学术跟评，博文: D3.js构建人物关系图动态更新数据, 定向外部开发者探讨"
BL-0205,2026-09-10 10:18:22,知乎 (Zhihu DA 95+),国内,顶级中文知识专栏,应无所住而生其心：从《金刚经》看现代人如何摆脱精神内耗,https://chanzong.space/classics/jingangjing,https://zhuanlan.zhihu.com/p/2081325559267735493,禅宗知识库 · 金刚经白话详解与离相空性脉络,Dofollow / UGC,Live,知乎认证创作者【i禅修】发布高权重专栏文章，深入解读金刚经应无所住而生其心与降伏其心智慧
BL-0206,2026-09-10 10:19:11,知乎 (Zhihu DA 95+),国内,顶级中文知识专栏,狂心若歇歇即菩提：读《首楞严经》悟透心性的明觉解脱,https://chanzong.space/classics/lengyanjing,https://zhuanlan.zhihu.com/p/2081325764142687286,禅宗知识库 · 楞严经全文白话详注与十番显见图谱,Dofollow / UGC,Live,知乎认证创作者【i禅修】发布高权重专栏文章，深度剖析楞严经七处征心与狂心顿歇见性成佛
BL-0207,2026-09-10 10:21:08,哔哩哔哩 (Bilibili DA 94+),国内,社交媒体 / 动态广场,【自性本净 · 顿悟玄机】《六祖法宝坛经》本来无一物心法与现代认知,https://chanzong.space/classics/liuzutan-jing,https://www.bilibili.com/opus/1246263474826248198,《六祖法宝坛经》敦煌本逐句白话详注与自性脉络图谱（https://chanzong.space/classics/liuzutan-jing）,Dofollow / UGC,Live,Day 2 B站官方账号“禅宗空间”发布《六祖坛经》独立图文动态(Opus)，免登录公开收录 (Opus ID: 1246263474826248198)
BL-0208,2026-09-10 10:21:08,哔哩哔哩 (Bilibili DA 94+),国内,社交媒体 / 动态广场,【无住生心 · 降伏其心】《金刚经》般若实相与现代人心智解脱,https://chanzong.space/classics/jingangjing,https://www.bilibili.com/opus/1246263693898940472,《金刚经》鸠摩罗什译本白话详释与离相空性脉络（https://chanzong.space/classics/jingangjing）,Dofollow / UGC,Live,Day 2 B站官方账号“禅宗空间”发布《金刚经》独立图文动态(Opus)，免登录公开收录 (Opus ID: 1246263693898940472)
BL-0209,2026-09-10 10:21:08,哔哩哔哩 (Bilibili DA 94+),国内,社交媒体 / 动态广场,【狂心若歇 · 歇即菩提】《首楞严经》七处征心与开悟解脱之门,https://chanzong.space/classics/lengyanjing,https://www.bilibili.com/opus/1246263912919203858,《大佛顶首楞严经》全文白话译注与十番显见图谱（https://chanzong.space/classics/lengyanjing）,Dofollow / UGC,Live,Day 2 B站官方账号“禅宗空间”发布《楞严经》独立图文动态(Opus)，免登录公开收录 (Opus ID: 1246263912919203858)
BL-0210,2026-09-10 10:21:48,知乎 (Zhihu DA 95+),国内,高质量社区互动评论,知乎真如无明问答下探讨六祖坛经顿悟心法（一级学术评论）,https://chanzong.space/classics/liuzutan-jing,https://www.zhihu.com/question/2045925637215589197/answer/2062862747696735206,【禅宗知识库（chanzong.space/classics/liuzutan-jing）】,Tier 3 Natural Brand Citation,Live,Day 2 知乎一级学术评论
BL-0211,2026-09-10 10:22:17,知乎 (Zhihu DA 95+),国内,社区二级学术回复 / 楼中楼,知乎真如无明问答评论区关于本来无一物的二级楼中楼探讨,https://chanzong.space/classics/liuzutan-jing,https://www.zhihu.com/question/2045925637215589197/answer/2062862747696735206#reply-11573784179,【禅宗知识库（chanzong.space/classics/liuzutan-jing）】,Tier 3 Natural Brand Citation,Live,Day 2 知乎二级楼中楼跟评 (官方ID: 11573784179)
BL-0212,2026-09-10 10:22:47,哔哩哔哩 (Bilibili DA 94+),国内,学术互动讨论,王德峰教授讲《坛经》与禅宗智慧视频学术互动评论,https://chanzong.space/classics/liuzutan-jing,https://www.bilibili.com/video/BV1XK4y1X7FF,开源数字典籍平台【禅宗知识库（chanzong.space/classics/liuzutan-jing）】,Tier 3 Natural Brand Citation,Live,Day 2 B站一级名师视频学术评论 (官方 rpid: 316962023856)
BL-0213,2026-09-10 10:22:51,知乎 (Zhihu DA 95+),国内,高质量社区互动评论,知乎佛教核心思维逻辑下探讨金刚经应无所住（一级学术评论）,https://chanzong.space/classics/jingangjing,https://www.zhihu.com/question/1917160607779619845/answer/1937745436090808264#comment-11573432890,【禅宗知识库（chanzong.space/classics/jingangjing）】,Tier 3 Natural Brand Citation,Live,Day 2 知乎一级学术评论 (官方ID: 11573432890)
BL-0214,2026-09-10 10:23:10,哔哩哔哩 (Bilibili DA 94+),国内,学术互动讨论,梦参老和尚讲解《金刚经》视频学术互动评论,https://chanzong.space/classics/jingangjing,https://www.bilibili.com/video/BV1CaCLBZECb,开源典籍平台【禅宗知识库（chanzong.space/classics/jingangjing）】,Tier 3 Natural Brand Citation,Live,Day 2 B站一级名师视频学术评论 (官方 rpid: 316962099888)
BL-0215,2026-09-10 10:23:19,知乎 (Zhihu DA 95+),国内,社区二级学术回复 / 楼中楼,知乎佛教核心思维问答评论区关于离相见性的二级楼中楼探讨,https://chanzong.space/classics/jingangjing,https://www.zhihu.com/question/1917160607779619845/answer/1937745436090808264#reply-11573292461,【禅宗知识库（chanzong.space/classics/jingangjing）】,Tier 3 Natural Brand Citation,Live,Day 2 知乎二级楼中楼跟评 (官方ID: 11573292461)
BL-0216,2026-09-10 10:23:33,哔哩哔哩 (Bilibili DA 94+),国内,学术互动讨论,《楞严经》开悟之路视频学术互动评论,https://chanzong.space/classics/lengyanjing,https://www.bilibili.com/video/BV1S9msBuELB,开源学术文献库【禅宗知识库（chanzong.space/classics/lengyanjing）】,Tier 3 Natural Brand Citation,Live,Day 2 B站一级名师视频学术评论 (官方 rpid: 316962110736)
BL-0217,2026-09-10 10:23:53,知乎 (Zhihu DA 95+),国内,高质量社区互动评论,知乎哲学问答下探讨楞严经狂心若歇（一级学术评论）,https://chanzong.space/classics/lengyanjing,https://www.zhihu.com/question/459168425/answer/2080596824281310060#comment-11573870306,【禅宗知识库（chanzong.space/classics/lengyanjing）】,Tier 3 Natural Brand Citation,Live,Day 2 知乎一级学术评论 (官方ID: 11573870306)
BL-0218,2026-09-10 10:23:56,哔哩哔哩 (Bilibili DA 94+),国内,社区二级学术回复 / 楼中楼,王德峰坛经视频热评二级楼中楼学术探讨,https://chanzong.space/classics/liuzutan-jing,https://www.bilibili.com/video/BV1XK4y1X7FF,【禅宗知识库（chanzong.space/classics/liuzutan-jing）】,Tier 3 Natural Brand Citation,Live,Day 2 B站二级楼中楼跟评，回复用户: brucewu2020 (官方 rpid: 316962121648)
BL-0219,2026-09-10 10:24:18,哔哩哔哩 (Bilibili DA 94+),国内,社区二级学术回复 / 楼中楼,梦参金刚经视频热评二级楼中楼学术探讨,https://chanzong.space/classics/jingangjing,https://www.bilibili.com/video/BV1CaCLBZECb,【禅宗知识库（chanzong.space/classics/jingangjing）】,Tier 3 Natural Brand Citation,Live,Day 2 B站二级楼中楼跟评，回复用户: 疙瘩汤女孩 (官方 rpid: 316962132464)
BL-0220,2026-09-10 10:24:22,知乎 (Zhihu DA 95+),国内,社区二级学术回复 / 楼中楼,知乎哲学问答评论区关于当下歇心的二级楼中楼探讨,https://chanzong.space/classics/lengyanjing,https://www.zhihu.com/question/459168425/answer/2080596824281310060#reply-11573462073,【禅宗知识库（chanzong.space/classics/lengyanjing）】,Tier 3 Natural Brand Citation,Live,Day 2 知乎二级楼中楼跟评 (官方ID: 11573462073)
BL-0221,2026-09-10 10:24:41,哔哩哔哩 (Bilibili DA 94+),国内,社区二级学术回复 / 楼中楼,楞严经开悟之路视频热评二级楼中楼学术探讨,https://chanzong.space/classics/lengyanjing,https://www.bilibili.com/video/BV1S9msBuELB,【禅宗知识库（chanzong.space/classics/lengyanjing）】,Tier 3 Natural Brand Citation,Live,Day 2 B站二级楼中楼跟评，回复用户: 西西里的叮当 (官方 rpid: 316962073136)
BL-0222,2026-09-10 10:34:04,哔哩哔哩 (Bilibili DA 94+),国内,社交媒体 / 多尺度动态 (短篇 · 顿悟即兴随笔),金刚经凡所有相皆是虚妄生活随感,https://chanzong.space/classics/jingangjing,https://www.bilibili.com/opus/1246267155647823873,金刚经白话原经（https://chanzong.space/classics/jingangjing）,Dofollow / UGC,Live,多尺度长短梯队升级版，篇幅类型: 短篇 · 顿悟即兴随笔 (118字) (Opus ID: 1246267155647823873)
BL-0223,2026-09-10 10:34:04,哔哩哔哩 (Bilibili DA 94+),国内,社交媒体 / 多尺度动态 (中篇 · 职场参修札记与心理拆解),为什么时时勤拂拭反而让人越来越累？六祖坛经参省,https://chanzong.space/classics/liuzutan-jing,https://www.bilibili.com/opus/1246266953725640708,敦煌本六祖坛经白话详解（https://chanzong.space/classics/liuzutan-jing）,Dofollow / UGC,Live,多尺度长短梯队升级版，篇幅类型: 中篇 · 职场参修札记与心理拆解 (305字) (Opus ID: 1246266953725640708)
BL-0224,2026-09-10 10:34:04,哔哩哔哩 (Bilibili DA 94+),国内,社交媒体 / 多尺度动态 (长篇 · 典籍公案深度解密长动态),首楞严经全景解密：那个发狂寻头的演若达多究竟在讽刺谁？,https://chanzong.space/classics/lengyanjing,https://www.bilibili.com/opus/1246263912919203858,大佛顶首楞严经十卷全本白话译解（https://chanzong.space/classics/lengyanjing）,Dofollow / UGC,Live,多尺度长短梯队升级版，篇幅类型: 长篇 · 典籍公案深度解密长动态 (680字) (Opus ID: 1246263912919203858)
BL-0225,2026-09-11 09:23:00,稀土掘金 (Juejin DA 86+),国内,国内顶级开发者技术社区 (独立专栏长文),海量知识图谱的前端局部子图抽取与视口聚类渲染实战（基于 D3.js v7）,https://chanzong.space/graph,https://juejin.cn/post/7683813142960455680,https://chanzong.space,DoFollow / ByteMD Markdown Link,Live,Day 3 掘金独立技术专栏长文，免登录公开已收录: https://juejin.cn/post/7683813142960455680
BL-0226,2026-09-11 09:24:00,稀土掘金 (Juejin DA 86+),国内,国内顶级开发者技术社区 (独立专栏长文),Next.js 14 App Router 静态生成 (SSG) 与 ISR 在海量古籍数字人文系统中的架构实践,https://chanzong.space/classics/liuzutan-jing,https://juejin.cn/post/7683804372279377920,https://chanzong.space,DoFollow / ByteMD Markdown Link,Live,Day 3 掘金独立技术专栏长文，免登录公开已收录: https://juejin.cn/post/7683804372279377920
BL-0227,2026-09-11 09:25:47,稀土掘金 (Juejin DA 86+),国内,国内顶级开发者技术社区 (一级技术探讨评论),美团技术团队：知识图谱可视化技术在美团的实践与探索,https://chanzong.space/graph,https://juejin.cn/post/7089229700295295007,禅宗知识库 (chanzong.space),DoFollow / UGC Comment,Live,Day 3 稀土掘金一级深度技术探讨评论第 1 条，探讨图谱布局优化与数字人文工程
BL-0228,2026-09-11 09:26:38,稀土掘金 (Juejin DA 86+),国内,国内顶级开发者技术社区 (一级技术探讨评论),基于知识图谱的《红楼梦》人物关系可视化及问答系统,https://chanzong.space,https://juejin.cn/post/7252714536637874234,禅宗知识库 (chanzong.space),DoFollow / UGC Comment,Live,Day 3 稀土掘金一级深度技术探讨评论第 2 条，探讨图谱布局优化与数字人文工程
BL-0229,2026-09-11 09:33:14,稀土掘金 (Juejin DA 86+),国内,国内顶级开发者技术社区 (二级楼中楼跟评回复),学习 Next.js 这篇就够了！ (回复外部开发者 用户06507828077),https://chanzong.space,https://juejin.cn/post/7433796131858497546,禅宗知识库 (chanzong.space),DoFollow / Thread Reply,Live,Day 3 掘金二级楼中楼技术跟评第 1 条，100% 定向外部开发者【用户06507828077】深入探讨 Next.js 架构实践
BL-0230,2026-09-11 09:34:36,稀土掘金 (Juejin DA 86+),国内,国内顶级开发者技术社区 (二级楼中楼跟评回复),学习 Next.js 这篇就够了！ (回复外部开发者 野蛮的橘子同学),https://chanzong.space/graph,https://juejin.cn/post/7433796131858497546,禅宗知识库 (chanzong.space),DoFollow / Thread Reply,Live,Day 3 掘金二级楼中楼技术跟评第 2 条，100% 定向外部开发者【野蛮的橘子同学】探讨 RSC 与图谱隔离
BL-0231,2026-09-11 09:35:20,博客园 (CNBlogs DA 89+),国内,老牌高权重技术博客 (独立技术长文),基于 Web Audio API 与 CSS 动画的沉浸式数字古籍诵读体验架构,https://chanzong.space/classics/liuzutan-jing,https://www.cnblogs.com/chanzongspace/p/22930344,https://chanzong.space,DoFollow / Markdown Link,Live,Day 3 博客园独立高权重技术长文，免登录公开已收录: https://www.cnblogs.com/chanzongspace/p/22930344
BL-0232,2026-09-11 09:35:59,博客园 (CNBlogs DA 89+),国内,老牌高权重技术博客 (独立技术长文),大型文化知识图谱的多层次实体抽取引擎与全自动交叉互链实践,https://chanzong.space/concepts,https://www.cnblogs.com/chanzongspace/p/22930359,https://chanzong.space,DoFollow / Markdown Link,Live,Day 3 博客园独立高权重技术长文，免登录公开已收录: https://www.cnblogs.com/chanzongspace/p/22930359
BL-0233,2026-09-11 09:36:49,博客园 (CNBlogs DA 89+),国内,老牌高权重技术博客 (一级深度学术技术评论),D3.js+Es6+webpack构建人物关系图(力导向图),https://chanzong.space/graph,https://www.cnblogs.com/by-xu/p/11174098.html,【禅宗知识库（chanzong.space）】,Tier 3 Natural Brand Citation,Live,Day 3 博客园一级学术技术探讨评论第 1 条，探讨 D3 知识图谱物理仿真优化
BL-0234,2026-09-11 09:37:19,博客园 (CNBlogs DA 89+),国内,老牌高权重技术博客 (二级楼中楼跟评回复),Re: D3.js+Es6+webpack构建人物关系图(力导向图),https://chanzong.space/graph,https://www.cnblogs.com/by-xu/p/11174098.html,【禅宗知识库（chanzong.space）】,Tier 3 Natural Brand Citation,Live,Day 3 博客园二级楼中楼技术跟评第 1 条，100% 定向外部博友真实回复
BL-0235,2026-09-11 09:37:50,博客园 (CNBlogs DA 89+),国内,老牌高权重技术博客 (一级深度学术技术评论),D3.js构建人物关系图动态更新数据,https://chanzong.space/concepts,https://www.cnblogs.com/leyi/p/7070048.html,【禅宗知识库（chanzong.space）】,Tier 3 Natural Brand Citation,Live,Day 3 博客园一级学术技术探讨评论第 2 条，探讨 D3 知识图谱物理仿真优化
BL-0236,2026-09-11 09:38:19,博客园 (CNBlogs DA 89+),国内,老牌高权重技术博客 (二级楼中楼跟评回复),Re: D3.js构建人物关系图动态更新数据,https://chanzong.space/concepts,https://www.cnblogs.com/leyi/p/7070048.html,【禅宗知识库（chanzong.space）】,Tier 3 Natural Brand Citation,Live,Day 3 博客园二级楼中楼技术跟评第 2 条，100% 定向外部博友真实回复
BL-0237,2026-09-11 09:39:02,CSDN (DA 92+),国内,中文IT技术社区龙头 (独立技术博文),基于 Web Audio API 与微泛音叠加的古籍数字化诵读声学引擎设计与实现,https://chanzong.space/classics/liuzutan-jing,https://blog.csdn.net/oWillSun/article/details/164959195,禅宗知识库 (chanzong.space),DoFollow / In-content Contextual,Live,Day 3 CSDN 独立技术博文，免登录公开已收录: https://blog.csdn.net/oWillSun/article/details/164959195
BL-0238,2026-09-11 09:39:48,CSDN (DA 92+),国内,中文IT技术社区龙头 (独立技术博文),大型数字人文知识图谱的前端全景渲染与卡片交叉互链架构实践,https://chanzong.space/concepts,https://blog.csdn.net/oWillSun/article/details/164959325,禅宗知识库 (chanzong.space),DoFollow / In-content Contextual,Live,Day 3 CSDN 独立技术博文，免登录公开已收录: https://blog.csdn.net/oWillSun/article/details/164959325
BL-0239,2026-09-11 09:40:38,CSDN (DA 92+),国内,中文IT技术社区龙头 (一级深度技术探讨评论),【D3.js-大数据可视化-知识图谱力导向图/引力图谱】数据展示 (一级评论),https://chanzong.space/graph,https://blog.csdn.net/any/article/details/80751264,https://chanzong.space,DoFollow / UGC Interaction,Live,"Day 3 CSDN 互动节点，文章 ID: 80751264, 官方评论 ID: 40176478"
BL-0240,2026-09-11 09:47:30,CSDN (DA 92+),国内,中文IT技术社区龙头 (二级楼中楼跟评回复),【D3.js-大数据可视化-知识图谱力导向图/引力图谱】数据展示 (二级跟评),https://chanzong.space/graph,https://blog.csdn.net/weixin_42048134/article/details/80751264,https://chanzong.space,DoFollow / UGC Interaction,Live,"Day 3 CSDN 互动节点，文章 ID: 80751264, 官方评论 ID: 40176510"
BL-0241,2026-09-11 09:49:50,CSDN (DA 92+),国内,中文IT技术社区龙头 (一级深度技术探讨评论),D3力导向图及树状布局变换 (一级评论),https://chanzong.space/graph,https://blog.csdn.net/dlwbill/article/details/78083701,https://chanzong.space,DoFollow / UGC Interaction,Live,"Day 3 CSDN 互动节点，文章 ID: 78083701, 官方评论 ID: 40176521"
BL-0242,2026-09-11 09:52:06,CSDN (DA 92+),国内,中文IT技术社区龙头 (二级楼中楼跟评回复),D3力导向图及树状布局变换 (二级跟评),https://chanzong.space,https://blog.csdn.net/dlwbill/article/details/78083701,https://chanzong.space,DoFollow / UGC Interaction,Live,"Day 3 CSDN 互动节点，文章 ID: 78083701, 官方评论 ID: 40176534"
BL-0243,2026-09-11 09:54:34,知乎 (Zhihu DA 95+),国内,顶级中文知识专栏 (高权重长文),圆觉自性与离幻即觉：唐代宗密《圆觉经大疏钞》对现代认知困局的心性解构,https://chanzong.space/classics/yuanjuejing,https://zhuanlan.zhihu.com/p/2081681585875727508,禅宗知识库 · 圆觉经逐章白话疏解与如来藏圆觉法脉档案,DoFollow / UGC In-content,Live,知乎高权重专栏长文，以圭峰宗密大师圆觉经大疏钞透视如来藏清净自性与离幻即觉，含圆觉经专页回链
BL-0244,2026-09-11 09:55:13,知乎 (Zhihu DA 95+),国内,顶级中文知识专栏 (高权重长文),吃茶去与寻常心：从赵州从谂禅师的一味茶香探究禅门生活美学与究竟安顿,https://chanzong.space/classics/zhaozhoulu,https://zhuanlan.zhihu.com/p/2081683260283924925,禅宗知识库 · 赵州真际禅师语录逐条白话精解与公案法脉,DoFollow / UGC In-content,Live,知乎高权重专栏长文，解析赵州吃茶去公案的生活禅旨趣与寻常心是道，含赵州录专页回链，官方正式直链: https://zhuanlan.zhihu.com/p/2081683260283924925
BL-0245,2026-09-11 10:01:03,知乎 (Zhihu DA 95+),国内,高质量社区互动评论 (一级深度学术),知乎高赞回答《既然真如本自清净，为何还会生出无明？》学术一级深度评论,https://chanzong.space/classics/dachengqixinlun,https://www.zhihu.com/question/2045925637215589197/answer/2062862747696735206#comment-11573952267,禅宗知识库 · 大乘起信论真如门与生灭门全景架构,DoFollow / UGC Interaction,Live,在知乎真如无明高赞回答下发表一级学术深度评论，辨析心真如门与生灭门 (官方评论ID: 11573952267)
BL-0246,2026-09-11 10:01:31,知乎 (Zhihu DA 95+),国内,社区二级学术回复 / 楼中楼,知乎高赞回答《既然真如本自清净，为何还会生出无明？》评论区二级楼中楼回复,https://chanzong.space/classics/dachengqixinlun,https://www.zhihu.com/question/2045925637215589197/answer/2062862747696735206#reply-11574329955,禅宗知识库 · 大乘起信论真如门与生灭门全景架构,DoFollow / UGC Interaction,Live,在知乎真如无明问答评论区与外部同修进行二级探讨，辨析始觉合于本觉之要旨 (官方回复ID: 11574329955)
BL-0247,2026-09-11 10:02:06,知乎 (Zhihu DA 95+),国内,高质量社区互动评论 (一级深度学术),知乎高赞回答《释迦牟尼是如何形成佛教的核心思维逻辑的？》学术一级深度评论,https://chanzong.space/classics/chuanxinfayao,https://www.zhihu.com/question/1917160607779619845/answer/1937745436090808264#comment-11574125743,禅宗知识库 · 传心法要逐段精解与即心即佛见地,DoFollow / UGC Interaction,Live,在知乎佛教核心思维逻辑高赞回答下发表一级评论，直指黄檗断际禅师即心即佛心要 (官方评论ID: 11574125743)
BL-0248,2026-09-11 10:02:34,知乎 (Zhihu DA 95+),国内,社区二级学术回复 / 楼中楼,知乎高赞回答《释迦牟尼是如何形成佛教的核心思维逻辑的？》评论区二级楼中楼回复,https://chanzong.space/classics/chuanxinfayao,https://www.zhihu.com/question/1917160607779619845/answer/1937745436090808264#reply-11574240972,禅宗知识库 · 传心法要逐段精解与即心即佛见地,DoFollow / UGC Interaction,Live,在知乎佛教核心思维问答评论区与外部道友交流以指指月与直下承当之宗门见地 (官方回复ID: 11574240972)
BL-0249,2026-09-11 10:17:37,哔哩哔哩 (Bilibili DA 94+),国内,二次元与年轻文化顶流 (图文动态 / 短篇即兴随感),寒山诗云：吾心似秋月，碧潭清皎洁（短篇即兴觉照随感）,https://chanzong.space,https://www.bilibili.com/opus/1246633735399407621,禅宗知识库（chanzong.space）,DoFollow / UGC Dynamic,Live,B站即兴微语录动态（130字短篇尺度），体悟寒山子秋月澄潭本来面目，含知识库回链 (Opus ID: 1246633735399407621)
BL-0250,2026-09-11 10:19:21,哔哩哔哩 (Bilibili DA 94+),国内,二次元与年轻文化顶流 (图文动态 / 长篇深度解密),临济四料简全景解密：看临济义玄禅师如何截断主客执念与虚妄情识（长篇全景解析）,https://chanzong.space/classics/linjilu,https://www.bilibili.com/opus/1246634654524506117,禅宗知识库 · 临济录专页（https://chanzong.space/classics/linjilu）,DoFollow / UGC Dynamic,Live,B站长篇深度文化动态（650字长篇尺度），系统解密临济义玄四料简扫荡主客情识之剑法，含临济录专页回链
BL-0251,2026-09-11 10:20:39,哔哩哔哩 (Bilibili DA 94+),国内,学术互动讨论 (一级视频深度学术评论),梦参老和尚《大乘起信论》讲解视频学术互动评论,https://chanzong.space/classics/dachengqixinlun,https://www.bilibili.com/video/BV12bSHYTEzm,【禅宗知识库（chanzong.space/classics/dachengqixinlun）】,DoFollow / UGC Interaction,Live,在BV12bSHYTEzm视频下发表一级深度学术探讨评论 (官方rpid: 317060175136)
BL-0252,2026-09-11 10:21:01,哔哩哔哩 (Bilibili DA 94+),国内,学术互动讨论 (一级视频深度学术评论),黄檗希运禅师《传心法要》视频学术互动评论,https://chanzong.space/classics/chuanxinfayao,https://www.bilibili.com/video/BV1ws4y1z7ZL,【禅宗知识库（chanzong.space/classics/chuanxinfayao）】,DoFollow / UGC Interaction,Live,在BV1ws4y1z7ZL视频下发表一级深度学术探讨评论 (官方rpid: 317060184656)
BL-0253,2026-09-11 10:21:24,哔哩哔哩 (Bilibili DA 94+),国内,社区二级学术回复 / 楼中楼跟评,梦参法师《大乘起信论》视频热评二级回复交流（定向外部读者 阿kin阿擦）,https://chanzong.space/classics/dachengqixinlun,https://www.bilibili.com/video/BV12bSHYTEzm,禅宗知识库（chanzong.space/classics/dachengqixinlun）,DoFollow / UGC Interaction,Live,在BV12bSHYTEzm视频热评下二级回复外部观众【阿kin阿擦】 (官方rpid: 317060272800)
BL-0254,2026-09-11 10:21:47,哔哩哔哩 (Bilibili DA 94+),国内,社区二级学术回复 / 楼中楼跟评,黄檗禅师《传心法要》视频热评二级回复交流（定向外部读者 君去归来含笑兮）,https://chanzong.space/classics/chuanxinfayao,https://www.bilibili.com/video/BV1ws4y1z7ZL,【禅宗知识库（chanzong.space/classics/chuanxinfayao）】,DoFollow / UGC Interaction,Live,在BV1ws4y1z7ZL视频热评下二级回复外部观众【君去归来含笑兮】 (官方rpid: 317060334368)
BL-0255,2026-09-11 10:31:12,新浪微博 (Weibo DA 90+),国内,顶级社交媒体平台 (独立长文博文),【禅宗心法 · 即心即佛与息念忘机】读黄檗希运禅师《传心法要》,https://chanzong.space/classics/chuanxinfayao,https://weibo.com/6196660530/RhAftmKXX,禅宗知识库 · 黄檗断际禅师传心法要白话图谱,DoFollow / UGC,Live,微博官方账号发布高质感中篇动态，带#传心法要#、#黄檗禅师#超级话题，引导至传心法要专页
BL-0256,2026-09-11 10:31:52,新浪微博 (Weibo DA 90+),国内,顶级社交媒体平台 (独立长文博文),【宗门心髓 · 至道无难唯嫌拣择】读三祖僧璨大师《信心铭》解构内耗,https://chanzong.space/classics/xinxinming,https://weibo.com/6196660530/RhAfKmdJX,禅宗知识库 · 信心铭五百八十四字白话全注与不二心法,DoFollow / UGC,Live,微博官方账号发布高质感长篇文化博文，带#信心铭#、#至道无难唯嫌拣择#超级话题，引导至信心铭专页
BL-0257,2026-09-11 10:32:29,新浪微博 (Weibo DA 90+),国内,社交媒体学术互动评论 (一级深度探讨),博主【加州荷风】金刚经博文下一级深度学术互动评论,https://chanzong.space/classics/dachengqixinlun,https://weibo.com/2156211775/Rh5wjdjgi,禅宗知识库 · 大乘起信论真如生灭门全景梳理,DoFollow / UGC Interaction,Live,在加州荷风热门金刚经博文下发表深度学术互动，指引起信论真如门解析
BL-0258,2026-09-11 10:33:28,新浪微博 (Weibo DA 90+),国内,社交媒体学术互动评论 (一级深度探讨),博主【文史令官】六祖坛经博文下一级深度学术互动评论,https://chanzong.space/classics/chuanxinfayao,https://weibo.com/7898624265/R1uUIhqQp,禅宗知识库 · 黄檗禅师传心法要逐段精解,DoFollow / UGC Interaction,Live,在文史令官六祖坛经博文下引述黄檗传心法要，引荐传心法要专页
BL-0259,2026-09-11 10:39:31,新浪微博 (Weibo DA 90+),国内,社交媒体二级回复 / 楼中楼探讨,博主【加州荷风】金刚经博文评论区二级楼中楼探讨回复,https://chanzong.space/classics/dachengqixinlun,https://weibo.com/2156211775/Rh5wjdjgi,【禅宗知识库（chanzong.space/classics/dachengqixinlun）】,DoFollow / UGC Interaction,Live,在加州荷风热门金刚经博文下二级楼中楼探讨无住生心与真如不二之实修功夫
BL-0260,2026-09-11 10:40:07,新浪微博 (Weibo DA 90+),国内,社交媒体二级回复 / 楼中楼探讨,博主【文史令官】六祖坛经博文评论区二级楼中楼探讨回复,https://chanzong.space/classics/chuanxinfayao,https://weibo.com/7898624265/R1uUIhqQp,【禅宗知识库（chanzong.space/classics/chuanxinfayao）】,DoFollow / UGC Interaction,Live,在文史令官六祖坛经博文评论区二级楼中楼探讨转识成智与立命之道
BL-0261,2026-09-16 13:43:50,Telegraph (DA 92 高权重专栏),海外繁体,高权重专栏,現代人的喧囂與定力：重讀《博山參禪警語》中的本心智慧,https://chanzong.space/zh-tw/classics/jingangsanmeijing,https://telegra.ph/現代人的喧囂與定力重讀博山參禪警語中的本心智慧-09-16,《重讀《博山參禪警語》中的本心智慧》在線閱讀與關係圖譜,Dofollow,Live,深度学术文献长文，附带 D3 知识图谱与《金剛三昧經本覺心髓》文献回链 (繁体)
BL-0262,2026-09-16 13:43:53,Telegraph (DA 92 高权重专栏),海外繁体,高权重专栏,現代人的喧囂與定力：重讀《紫柏老人全集》中的本心智慧,https://chanzong.space/zh-tw/classics/shiertimenlun,https://telegra.ph/現代人的喧囂與定力重讀紫柏老人全集中的本心智慧-09-16,《重讀《紫柏老人全集》中的本心智慧》在線閱讀與關係圖譜,Dofollow,Live,深度学术文献长文，附带 D3 知识图谱与《龍樹菩薩十二門論正觀》文献回链 (繁体)
BL-0263,2026-09-16 13:43:55,Telegraph (DA 92 高权重专栏),海外繁体,高权重专栏,現代人的喧囂與定力：重讀《金剛般若波羅蜜經》中的本心智慧,https://chanzong.space/zh-tw/classics/shengmanjing,https://telegra.ph/現代人的喧囂與定力重讀金剛般若波羅蜜經中的本心智慧-09-16,《重讀《金剛般若波羅蜜經》中的本心智慧》在線閱讀與關係圖譜,Dofollow,Live,深度学术文献长文，附带 D3 知识图谱与《勝鬘經如來藏真如心髓》文献回链 (繁体)
BL-0264,2026-09-16 13:43:58,Telegraph (DA 92 高权重专栏),海外繁体,高权重专栏,現代人的喧囂與定力：重讀《菩提達摩大師息諍論》中的本心智慧,https://chanzong.space/zh-tw/classics/pingshiyulu,https://telegra.ph/現代人的喧囂與定力重讀菩提達摩大師息諍論中的本心智慧-09-16,《重讀《菩提達摩大師息諍論》中的本心智慧》在線閱讀與關係圖譜,Dofollow,Live,深度学术文献长文，附带 D3 知识图谱与《平石如砥禪師語錄精要》文献回链 (繁体)
BL-0265,2026-09-16 13:44:00,Telegraph (DA 92 高权重专栏),海外繁体,高权重专栏,現代人的喧囂與定力：重讀《萬善同歸集》中的本心智慧,https://chanzong.space/zh-tw/classics/chaozongyulu,https://telegra.ph/現代人的喧囂與定力重讀萬善同歸集中的本心智慧-09-16,《重讀《萬善同歸集》中的本心智慧》在線閱讀與關係圖譜,Dofollow,Live,深度学术文献长文，附带 D3 知识图谱与《黃龍四家超宗慧方禪師語錄》文献回链 (繁体)
BL-0266,2026-09-16 13:44:02,Telegraph (DA 92 高权重专栏),海外繁体,高权重专栏,現代人的喧囂與定力：重讀《十牛圖頌並序》中的本心智慧,https://chanzong.space/zh-tw/classics/baoxingwangzhenglun,https://telegra.ph/現代人的喧囂與定力重讀十牛圖頌並序中的本心智慧-09-16,《重讀《十牛圖頌並序》中的本心智慧》在線閱讀與關係圖譜,Dofollow,Live,深度学术文献长文，附带 D3 知识图谱与《龍樹菩薩寶行王正論》文献回链 (繁体)
BL-0267,2026-09-16 13:44:05,Telegraph (DA 92 高权重专栏),海外繁体,高权重专栏,現代人的喧囂與定力：重讀《唯識二十論》中的本心智慧,https://chanzong.space/zh-tw/classics/zongmenshenan,https://telegra.ph/現代人的喧囂與定力重讀唯識二十論中的本心智慧-09-16,《重讀《唯識二十論》中的本心智慧》在線閱讀與關係圖譜,Dofollow,Live,深度学术文献长文，附带 D3 知识图谱与《麥浪懷禪師宗門設難辨答》文献回链 (繁体)
BL-0268,2026-09-16 13:44:07,Telegraph (DA 92 高权重专栏),海外繁体,高权重专栏,現代人的喧囂與定力：重讀《阿什塔瓦克拉之歌》中的本心智慧,https://chanzong.space/zh-tw/classics/zhiyuelu,https://telegra.ph/現代人的喧囂與定力重讀阿什塔瓦克拉之歌中的本心智慧-09-16,《重讀《阿什塔瓦克拉之歌》中的本心智慧》在線閱讀與關係圖譜,Dofollow,Live,深度学术文献长文，附带 D3 知识图谱与《指月錄宗門公案全景》文献回链 (繁体)
BL-0269,2026-09-16 13:47:29,豆瓣 (Douban DA 88+),国内,书评学术探讨回应,豆瓣外部书评《浅窥如来藏唯识学》学术深度探讨回应,https://chanzong.space/classics/shengmanjing,https://book.douban.com/review/5892609/,禅宗知识库 · 胜鬘经如来藏白话疏解与图谱,UGC 互动外链,Live,在豆瓣学者《大乘起信论》高赞长篇书评下发表学术深度回应，引《胜鬘经》在缠出缠如来藏会通唯识
BL-0270,2026-09-16 13:48:02,豆瓣 (Douban DA 88+),国内,书评学术探讨回应,豆瓣外部书评《六祖坛经修证见地》学术深度探讨回应,https://chanzong.space/classics/jingangsanmeijing,https://book.douban.com/review/1249631/,禅宗知识库 · 金刚三昧经达摩印心根本教理专页,UGC 互动外链,Live,在豆瓣外部《六祖坛经》高质量书评下发表学术互动，溯源达摩初祖《金刚三昧经》本觉印心源流
